Date,Time,League,Division,Type,Away_Team,Away_Link,Away_Score,Home_Team,Home_Link,Home_Score,Location,Summary,Scraped_At
2026-05-02,8:30 PM,Coed,Coed_Division_(Touch),REGULAR,Winnipeg Wolfpack,https://pitfootball.com/league/pit-football/teams/548,,Seriously Fun,https://pitfootball.com/league/pit-football/teams/610,,WSF North - Garden City Complex (4),https://pitfootball.com/league/pit-football/division/118/schedule/2298,2026-08-29 15:30:28
2026-05-01,10:45 PM,5v5,Touch_Division_16,REGULAR,Original 16 Free Agents,https://pitfootball.com/league/pit-football/teams/573,,Almost Athletes,https://pitfootball.com/league/pit-football/teams/642,,WSF North - Garden City Complex (2),,2026-08-29 15:30:28
2026-05-01,10:45 PM,5v5,Touch_Division_15,REGULAR,Original 16 Free Agents,https://pitfootball.com/league/pit-football/teams/573,,Almost Athletes,https://pitfootball.com/league/pit-football/teams/642,,WSF North - Garden City Complex (2),,2026-08-29 15:30:28
2026-04-25,9:45 PM,Coed,Coed_Division_(Flag),REGULAR,Smells Like Teen Spirit,https://pitfootball.com/league/pit-football/teams/633,26,Disabled Guardians,https://pitfootball.com/league/pit-football/teams/650,33,WSF North - Garden City Complex (2),https://pitfootball.com/league/pit-football/division/117/schedule/2222,2026-08-29 15:30:28
2026-04-25,9:45 PM,5v5,Touch_Division_16,REGULAR,The Big Black Brant,https://pitfootball.com/league/pit-football/teams/552,0,Rach Hard Cachs,https://pitfootball.com/league/pit-football/teams/580,1,WSF North - Garden City Complex (1),https://pitfootball.com/league/pit-football/division/178/schedule/2218,2026-08-29 15:30:28
2026-04-25,9:45 PM,5v5,Touch_Division_5,REGULAR,GCH: The Second Coming,https://pitfootball.com/league/pit-football/teams/587,45,Young Guns Two,https://pitfootball.com/league/pit-football/teams/599,39,WSF North - Garden City Complex (4),https://pitfootball.com/league/pit-football/division/123/schedule/2229,2026-08-29 15:30:28
2026-04-25,9:45 PM,5v5,Touch_Division_4,REGULAR,Rouge Farm,https://pitfootball.com/league/pit-football/teams/641,0,Kate & Co.,https://pitfootball.com/league/pit-football/teams/591,44,WSF North - Garden City Complex (3),https://pitfootball.com/league/pit-football/division/122/schedule/2225,2026-08-29 15:30:28
2026-04-25,9:30 PM,5v5,Touch_Division_12,REGULAR,Deep Copper,https://pitfootball.com/league/pit-football/teams/561,7,Naughty Nightmares,https://pitfootball.com/league/pit-football/teams/531,6,WSF South - U of M Complex (2),https://pitfootball.com/league/pit-football/division/130/schedule/2249,2026-08-29 15:30:28
2026-04-25,9:30 PM,5v5,Touch_Division_10,REGULAR,Loose Cannons,https://pitfootball.com/league/pit-football/teams/620,18,The peasants,https://pitfootball.com/league/pit-football/teams/622,13,WSF South - U of M Complex (4),https://pitfootball.com/league/pit-football/division/128/schedule/2245,2026-08-29 15:30:28
2026-04-25,9:30 PM,5v5,Touch_Division_16,REGULAR,Undisputed Era,https://pitfootball.com/league/pit-football/teams/551,27,Original 16 Free Agents,https://pitfootball.com/league/pit-football/teams/573,24,WSF South - U of M Complex (1),https://pitfootball.com/league/pit-football/division/178/schedule/2234,2026-08-29 15:30:28
2026-04-25,9:30 PM,5v5,Touch_Division_8,REGULAR,Deep Copper,https://pitfootball.com/league/pit-football/teams/561,7,Naughty Nightmares,https://pitfootball.com/league/pit-football/teams/531,6,WSF South - U of M Complex (2),https://pitfootball.com/league/pit-football/division/130/schedule/2249,2026-08-29 15:30:28
2026-04-25,9:30 PM,5v5,Touch_Division_9,REGULAR,Young Wild and Free,https://pitfootball.com/league/pit-football/teams/566,21,Honeysuckle Football Boys,https://pitfootball.com/league/pit-football/teams/571,41,WSF South - U of M Complex (3),https://pitfootball.com/league/pit-football/division/127/schedule/2241,2026-08-29 15:30:28
2026-04-25,8:45 PM,Coed,Coed_Division_(Flag),REGULAR,Hot Mess Express,https://pitfootball.com/league/pit-football/teams/623,14,Bruh,https://pitfootball.com/league/pit-football/teams/637,35,WSF North - Garden City Complex (1),https://pitfootball.com/league/pit-football/division/117/schedule/2217,2026-08-29 15:30:28
2026-04-25,8:45 PM,Flag,Flag_D1_Women's,REGULAR,Triple T,https://pitfootball.com/league/pit-football/teams/600,27,Danger Zone,https://pitfootball.com/league/pit-football/teams/621,19,WSF North - Garden City Complex (3),https://pitfootball.com/league/pit-football/division/118/schedule/2248,2026-08-29 15:30:28
2026-04-25,8:45 PM,5v5,Touch_Division_4,REGULAR,Gym Class Heroes,https://pitfootball.com/league/pit-football/teams/588,25,young guns,https://pitfootball.com/league/pit-football/teams/598,21,WSF North - Garden City Complex (4),https://pitfootball.com/league/pit-football/division/122/schedule/2228,2026-08-29 15:30:28
2026-04-25,8:45 PM,Flag,Flag_D2_Men's,REGULAR,U18 Team Manitoba,https://pitfootball.com/league/pit-football/teams/603,48,The Diddlers,https://pitfootball.com/league/pit-football/teams/638,28,WSF North - Garden City Complex (2),https://pitfootball.com/league/pit-football/division/114/schedule/2221,2026-08-29 15:30:28
2026-04-25,8:45 PM,Coed,Coed_Division_(Touch),REGULAR,Triple T,https://pitfootball.com/league/pit-football/teams/600,27,Danger Zone,https://pitfootball.com/league/pit-football/teams/621,19,WSF North - Garden City Complex (3),https://pitfootball.com/league/pit-football/division/118/schedule/2248,2026-08-29 15:30:28
2026-04-25,8:30 PM,5v5,Touch_Division_13,REGULAR,Passaholics,https://pitfootball.com/league/pit-football/teams/611,13,Checkdown Chumps,https://pitfootball.com/league/pit-football/teams/564,12,WSF South - U of M Complex (4),https://pitfootball.com/league/pit-football/division/131/schedule/2244,2026-08-29 15:30:28
2026-04-25,8:30 PM,5v5,Touch_Division_15,REGULAR,Cinnamon Toast Crunch,https://pitfootball.com/league/pit-football/teams/640,0,Punt Force Trauma,https://pitfootball.com/league/pit-football/teams/550,1,WSF South - U of M Complex (1),https://pitfootball.com/league/pit-football/division/133/schedule/2233,2026-08-29 15:30:28
2026-04-25,8:30 PM,5v5,Touch_Division_15,REGULAR,Almost Athletes,https://pitfootball.com/league/pit-football/teams/642,7,Please Lettuce Win,https://pitfootball.com/league/pit-football/teams/618,34,WSF South - U of M Complex (2),https://pitfootball.com/league/pit-football/division/133/schedule/2237,2026-08-29 15:30:28
2026-04-25,8:30 PM,5v5,Touch_Division_6,REGULAR,Injured Reserve,https://pitfootball.com/league/pit-football/teams/567,26,Awesome luck,https://pitfootball.com/league/pit-football/teams/636,37,WSF South - U of M Complex (3),https://pitfootball.com/league/pit-football/division/124/schedule/2240,2026-08-29 15:30:28
2026-04-25,7:30 PM,5v5,Touch_Division_8,REGULAR,Old Dogs,https://pitfootball.com/league/pit-football/teams/559,57,Los Amigos Del Huddle,https://pitfootball.com/league/pit-football/teams/569,14,WSF South - U of M Complex (4),https://pitfootball.com/league/pit-football/division/126/schedule/2243,2026-08-29 15:30:28
2026-04-25,7:30 PM,5v5,Touch_Division_7,REGULAR,Folks from the East,https://pitfootball.com/league/pit-football/teams/658,27,431 Shootaz,https://pitfootball.com/league/pit-football/teams/592,24,WSF South - U of M Complex (3),https://pitfootball.com/league/pit-football/division/125/schedule/2239,2026-08-29 15:30:28
2026-04-25,7:30 PM,5v5,Touch_Division_3,REGULAR,Lizard Kings,https://pitfootball.com/league/pit-football/teams/612,12,Goobers,https://pitfootball.com/league/pit-football/teams/639,35,WSF South - U of M Complex (2),https://pitfootball.com/league/pit-football/division/121/schedule/2236,2026-08-29 15:30:28
2026-04-25,7:30 PM,Flag,Flag_D3_Men's,REGULAR,U16 Team Manitoba,https://pitfootball.com/league/pit-football/teams/549,46,Bikini Bottoms,https://pitfootball.com/league/pit-football/teams/586,32,WSF South - U of M Complex (1),https://pitfootball.com/league/pit-football/division/115/schedule/2232,2026-08-29 15:30:28
2026-04-25,11:45 PM,5v5,Touch_Division_16,REGULAR,Toxic Waste,https://pitfootball.com/league/pit-football/teams/634,31,Droppin Dimes,https://pitfootball.com/league/pit-football/teams/581,32,WSF North - Garden City Complex (1),https://pitfootball.com/league/pit-football/division/178/schedule/2220,2026-08-29 15:30:28
2026-04-25,11:45 PM,5v5,Touch_Division_14,REGULAR,Vorsprung Mafia,https://pitfootball.com/league/pit-football/teams/547,24,Back That Pass Up,https://pitfootball.com/league/pit-football/teams/575,33,WSF North - Garden City Complex (4),https://pitfootball.com/league/pit-football/division/132/schedule/2231,2026-08-29 15:30:28
2026-04-25,11:45 PM,5v5,Touch_Division_5,REGULAR,Old Baller Brand,https://pitfootball.com/league/pit-football/teams/655,32,Strange Brew,https://pitfootball.com/league/pit-football/teams/577,20,WSF North - Garden City Complex (2),https://pitfootball.com/league/pit-football/division/123/schedule/2224,2026-08-29 15:30:28
2026-04-25,11:45 PM,5v5,Touch_Division_1_&_2,REGULAR,Warriors,https://pitfootball.com/league/pit-football/teams/625,19,Be Sexy,https://pitfootball.com/league/pit-football/teams/574,46,WSF North - Garden City Complex (3),https://pitfootball.com/league/pit-football/division/175/schedule/2227,2026-08-29 15:30:28
2026-04-25,10:45 PM,5v5,Touch_Division_12,REGULAR,TouchDown Syndrome,https://pitfootball.com/league/pit-football/teams/648,0,Banda Makers,https://pitfootball.com/league/pit-football/teams/595,67,WSF North - Garden City Complex (1),https://pitfootball.com/league/pit-football/division/130/schedule/2219,2026-08-29 15:30:28
2026-04-25,10:45 PM,Flag,Flag_D1_Men's,REGULAR,Rebellion,https://pitfootball.com/league/pit-football/teams/584,20,Peg CIty,https://pitfootball.com/league/pit-football/teams/605,27,WSF North - Garden City Complex (2),https://pitfootball.com/league/pit-football/division/113/schedule/2223,2026-08-29 15:30:28
2026-04-25,10:45 PM,5v5,Touch_Division_10,REGULAR,The Vaudevillians,https://pitfootball.com/league/pit-football/teams/614,29,Ball Handlers,https://pitfootball.com/league/pit-football/teams/583,40,WSF North - Garden City Complex (3),https://pitfootball.com/league/pit-football/division/128/schedule/2226,2026-08-29 15:30:28
2026-04-25,10:45 PM,5v5,Touch_Division_6,REGULAR,More Heart Than Demar,https://pitfootball.com/league/pit-football/teams/630,18,Past Our Bed Time,https://pitfootball.com/league/pit-football/teams/590,24,WSF North - Garden City Complex (4),https://pitfootball.com/league/pit-football/division/124/schedule/2230,2026-08-29 15:30:28
2026-04-25,10:30 PM,5v5,Touch_Division_12,REGULAR,Third Down For What,https://pitfootball.com/league/pit-football/teams/602,39,Senor Ian's Los Amigos,https://pitfootball.com/league/pit-football/teams/568,12,WSF South - U of M Complex (4),https://pitfootball.com/league/pit-football/division/130/schedule/2246,2026-08-29 15:30:28
2026-04-25,10:30 PM,5v5,Touch_Division_13,REGULAR,Hawks,https://pitfootball.com/league/pit-football/teams/632,6,One Bourbon,https://pitfootball.com/league/pit-football/teams/562,27,WSF South - U of M Complex (1),https://pitfootball.com/league/pit-football/division/131/schedule/2235,2026-08-29 15:30:28
2026-04-25,10:30 PM,5v5,Touch_Division_11,REGULAR,WANGHAF,https://pitfootball.com/league/pit-football/teams/643,16,Silverbacks,https://pitfootball.com/league/pit-football/teams/557,25,WSF South - U of M Complex (3),https://pitfootball.com/league/pit-football/division/129/schedule/2242,2026-08-29 15:30:28
2026-04-25,10:30 PM,5v5,Touch_Division_14,REGULAR,Practice Safe Sacks,https://pitfootball.com/league/pit-football/teams/558,26,Cheeky Pints,https://pitfootball.com/league/pit-football/teams/545,6,WSF South - U of M Complex (2),https://pitfootball.com/league/pit-football/division/132/schedule/2238,2026-08-29 15:30:28
2026-04-24,9:45 PM,Flag,Flag_D1_Women's,REGULAR,Team Manitoba U19 girls,https://pitfootball.com/league/pit-football/teams/542,18,Havoc,https://pitfootball.com/league/pit-football/teams/546,33,WSF North - Garden City Complex (1),https://pitfootball.com/league/pit-football/division/173/schedule/2197,2026-08-29 15:30:28
2026-04-24,9:45 PM,5v5,Touch_Division_8,REGULAR,Football Is Fun,https://pitfootball.com/league/pit-football/teams/653,33,Los Amigos Del Huddle,https://pitfootball.com/league/pit-football/teams/569,12,WSF North - Garden City Complex (3),https://pitfootball.com/league/pit-football/division/126/schedule/2203,2026-08-29 15:30:28
2026-04-24,9:45 PM,5v5,Touch_Division_7,REGULAR,The Wickermen,https://pitfootball.com/league/pit-football/teams/631,12,Folks from the East,https://pitfootball.com/league/pit-football/teams/658,38,WSF North - Garden City Complex (4),https://pitfootball.com/league/pit-football/division/125/schedule/2206,2026-08-29 15:30:28
2026-04-24,9:45 PM,5v5,Touch_Division_4,REGULAR,young guns,https://pitfootball.com/league/pit-football/teams/598,39,Gotham Knights Legends,https://pitfootball.com/league/pit-football/teams/627,34,WSF North - Garden City Complex (2),https://pitfootball.com/league/pit-football/division/122/schedule/2200,2026-08-29 15:30:28
2026-04-24,11:45 PM,5v5,Touch_Division_12,REGULAR,Naughty Nightmares,https://pitfootball.com/league/pit-football/teams/531,6,Boozers,https://pitfootball.com/league/pit-football/teams/615,31,WSF North - Garden City Complex (4),https://pitfootball.com/league/pit-football/division/130/schedule/2208,2026-08-29 15:30:28
2026-04-24,11:45 PM,5v5,Touch_Division_13,REGULAR,WF,https://pitfootball.com/league/pit-football/teams/656,0,Low Expectationz,https://pitfootball.com/league/pit-football/teams/560,1,WSF South - U of M Complex (4),https://pitfootball.com/league/pit-football/division/131/schedule/2216,2026-08-29 15:30:28
2026-04-24,11:45 PM,5v5,Touch_Division_11,REGULAR,First Downers,https://pitfootball.com/league/pit-football/teams/609,32,Dot City,https://pitfootball.com/league/pit-football/teams/582,18,WSF South - U of M Complex (3),https://pitfootball.com/league/pit-football/division/129/schedule/2214,2026-08-29 15:30:28
2026-04-24,11:45 PM,5v5,Touch_Division_14,REGULAR,Reapers,https://pitfootball.com/league/pit-football/teams/532,19,The Unction,https://pitfootball.com/league/pit-football/teams/597,7,WSF South - U of M Complex (1),https://pitfootball.com/league/pit-football/division/132/schedule/2210,2026-08-29 15:30:28
2026-04-24,11:45 PM,5v5,Touch_Division_8,REGULAR,Chill Guys,https://pitfootball.com/league/pit-football/teams/617,21,Average Joes,https://pitfootball.com/league/pit-football/teams/654,18,WSF North - Garden City Complex (1),https://pitfootball.com/league/pit-football/division/126/schedule/2199,2026-08-29 15:30:28
2026-04-24,11:45 PM,5v5,Touch_Division_1_&_2,REGULAR,Cream Team,https://pitfootball.com/league/pit-football/teams/624,20,North Bay,https://pitfootball.com/league/pit-football/teams/651,44,WSF North - Garden City Complex (2),https://pitfootball.com/league/pit-football/division/175/schedule/2202,2026-08-29 15:30:28
2026-04-24,11:45 PM,5v5,Touch_Division_9,REGULAR,Stone Cold Killas,https://pitfootball.com/league/pit-football/teams/576,26,Fooseballers,https://pitfootball.com/league/pit-football/teams/578,12,WSF North - Garden City Complex (3),https://pitfootball.com/league/pit-football/division/127/schedule/2205,2026-08-29 15:30:28
2026-04-24,11:45 PM,5v5,Touch_Division_9,REGULAR,Young Wild and Free,https://pitfootball.com/league/pit-football/teams/566,26,Cougar hunters,https://pitfootball.com/league/pit-football/teams/579,24,WSF South - U of M Complex (2),https://pitfootball.com/league/pit-football/division/127/schedule/2212,2026-08-29 15:30:28
2026-04-24,10:45 PM,5v5,Touch_Division_15,REGULAR,Young Bucks and Old Fs,https://pitfootball.com/league/pit-football/teams/596,19,Endzone,https://pitfootball.com/league/pit-football/teams/644,31,WSF South - U of M Complex (3),https://pitfootball.com/league/pit-football/division/133/schedule/2213,2026-08-29 15:30:28
2026-04-24,10:45 PM,5v5,Touch_Division_7,REGULAR,Necessary Roughness,https://pitfootball.com/league/pit-football/teams/608,32,The Northern,https://pitfootball.com/league/pit-football/teams/607,12,WSF South - U of M Complex (2),https://pitfootball.com/league/pit-football/division/125/schedule/2211,2026-08-29 15:30:28
2026-04-24,10:45 PM,5v5,Touch_Division_6,REGULAR,Past Our Bed Time,https://pitfootball.com/league/pit-football/teams/590,26,Avengers,https://pitfootball.com/league/pit-football/teams/649,33,WSF North - Garden City Complex (4),https://pitfootball.com/league/pit-football/division/124/schedule/2207,2026-08-29 15:30:28
2026-04-24,10:45 PM,5v5,Touch_Division_3,REGULAR,Homer Hawks,https://pitfootball.com/league/pit-football/teams/601,21,Bleue’s Clueless,https://pitfootball.com/league/pit-football/teams/652,42,WSF North - Garden City Complex (3),https://pitfootball.com/league/pit-football/division/121/schedule/2204,2026-08-29 15:30:28
2026-04-24,10:45 PM,Flag,Flag_D2_Men's,REGULAR,U19 Team Manitoba,https://pitfootball.com/league/pit-football/teams/604,55,Rebellion (Old-Timers),https://pitfootball.com/league/pit-football/teams/556,25,WSF North - Garden City Complex (2),https://pitfootball.com/league/pit-football/division/114/schedule/2201,2026-08-29 15:30:28
2026-04-24,10:45 PM,Coed,Coed_Division_(Touch),REGULAR,Here for the Football,https://pitfootball.com/league/pit-football/teams/635,24,Big Bowl of PicaDILLO,https://pitfootball.com/league/pit-football/teams/646,7,WSF North - Garden City Complex (1),https://pitfootball.com/league/pit-football/division/118/schedule/2198,2026-08-29 15:30:28
2026-04-24,10:45 PM,Coed,Coed_Division_(Touch),REGULAR,Winnipeg Wolfpack,https://pitfootball.com/league/pit-football/teams/548,6,WEAM,https://pitfootball.com/league/pit-football/teams/645,35,WSF South - U of M Complex (1),https://pitfootball.com/league/pit-football/division/118/schedule/2209,2026-08-29 15:30:28
2026-04-24,10:45 PM,Flag,Flag_D3_Men's,REGULAR,That’s a Gimme,https://pitfootball.com/league/pit-football/teams/572,12,Bench Warmers,https://pitfootball.com/league/pit-football/teams/589,46,WSF South - U of M Complex (4),https://pitfootball.com/league/pit-football/division/115/schedule/2215,2026-08-29 15:30:28
2026-04-18,9:30 PM,5v5,Touch_Division_6,REGULAR,More Heart Than Demar,https://pitfootball.com/league/pit-football/teams/630,32,Avengers,https://pitfootball.com/league/pit-football/teams/649,27,WSF North - Garden City Complex (1),https://pitfootball.com/league/pit-football/division/124/schedule/2170,2026-08-29 15:30:28
2026-04-18,9:30 PM,5v5,Touch_Division_3,REGULAR,Iowa Track Stars,https://pitfootball.com/league/pit-football/teams/616,40,Lizard Kings,https://pitfootball.com/league/pit-football/teams/612,20,WSF North - Garden City Complex (3),https://pitfootball.com/league/pit-football/division/121/schedule/2178,2026-08-29 15:30:28
2026-04-18,9:30 PM,5v5,Touch_Division_5,REGULAR,GCH: The Second Coming,https://pitfootball.com/league/pit-football/teams/587,30,Old Baller Brand,https://pitfootball.com/league/pit-football/teams/655,32,WSF North - Garden City Complex (2),https://pitfootball.com/league/pit-football/division/123/schedule/2174,2026-08-29 15:30:28
2026-04-18,9:30 PM,Coed,Coed_Division_(Touch),REGULAR,The Dirty Snaps,https://pitfootball.com/league/pit-football/teams/529,22,Here for the Football,https://pitfootball.com/league/pit-football/teams/635,21,WSF North - Garden City Complex (4),https://pitfootball.com/league/pit-football/division/118/schedule/2182,2026-08-29 15:30:28
2026-04-18,9:15 PM,5v5,Touch_Division_11,REGULAR,First Downers,https://pitfootball.com/league/pit-football/teams/609,21,Huddle Buddies,https://pitfootball.com/league/pit-football/teams/570,20,WSF South - U of M Complex (3),https://pitfootball.com/league/pit-football/division/129/schedule/2192,2026-08-29 15:30:28
2026-04-18,9:15 PM,5v5,Touch_Division_16,REGULAR,Rach Hard Cachs,https://pitfootball.com/league/pit-football/teams/580,19,Undisputed Era,https://pitfootball.com/league/pit-football/teams/551,13,WSF South - U of M Complex (1),https://pitfootball.com/league/pit-football/division/178/schedule/2186,2026-08-29 15:30:28
2026-04-18,9:15 PM,5v5,Touch_Division_8,REGULAR,Old Dogs,https://pitfootball.com/league/pit-football/teams/559,28,Deep Copper,https://pitfootball.com/league/pit-football/teams/561,12,WSF South - U of M Complex (4),https://pitfootball.com/league/pit-football/division/126/schedule/2195,2026-08-29 15:30:28
2026-04-18,9:15 PM,Flag,Flag_D3_Men's,REGULAR,Bikini Bottoms,https://pitfootball.com/league/pit-football/teams/586,8,That’s a Gimme,https://pitfootball.com/league/pit-football/teams/572,55,WSF South - U of M Complex (2),https://pitfootball.com/league/pit-football/division/115/schedule/2189,2026-08-29 15:30:28
2026-04-18,8:30 PM,Coed,Coed_Division_(Flag),REGULAR,Disabled Guardians,https://pitfootball.com/league/pit-football/teams/650,31,Bruh,https://pitfootball.com/league/pit-football/teams/637,41,WSF North - Garden City Complex (1),https://pitfootball.com/league/pit-football/division/117/schedule/2169,2026-08-29 15:30:28
2026-04-18,8:30 PM,5v5,Touch_Division_15,REGULAR,Endzone,https://pitfootball.com/league/pit-football/teams/644,12,Punt Force Trauma,https://pitfootball.com/league/pit-football/teams/550,31,WSF North - Garden City Complex (4),https://pitfootball.com/league/pit-football/division/133/schedule/2181,2026-08-29 15:30:28
2026-04-18,8:30 PM,Flag,Flag_D2_Men's,REGULAR,U19 Team Manitoba,https://pitfootball.com/league/pit-football/teams/604,55,The Diddlers,https://pitfootball.com/league/pit-football/teams/638,19,WSF North - Garden City Complex (2),https://pitfootball.com/league/pit-football/division/114/schedule/2173,2026-08-29 15:30:28
2026-04-18,8:30 PM,Flag,Flag_D3_Men's,REGULAR,Bench Warmers,https://pitfootball.com/league/pit-football/teams/589,32,U16 Team Manitoba,https://pitfootball.com/league/pit-football/teams/549,27,WSF North - Garden City Complex (3),https://pitfootball.com/league/pit-football/division/115/schedule/2177,2026-08-29 15:30:28
2026-04-18,8:15 PM,5v5,Touch_Division_12,REGULAR,Senor Ian's Los Amigos,https://pitfootball.com/league/pit-football/teams/568,37,Boozers,https://pitfootball.com/league/pit-football/teams/615,0,WSF South - U of M Complex (3),https://pitfootball.com/league/pit-football/division/130/schedule/2191,2026-08-29 15:30:28
2026-04-18,8:15 PM,5v5,Touch_Division_10,REGULAR,Venum,https://pitfootball.com/league/pit-football/teams/565,33,Ball Handlers,https://pitfootball.com/league/pit-football/teams/583,31,WSF South - U of M Complex (1),https://pitfootball.com/league/pit-football/division/128/schedule/2185,2026-08-29 15:30:28
2026-04-18,8:15 PM,5v5,Touch_Division_15,REGULAR,Almost Athletes,https://pitfootball.com/league/pit-football/teams/642,6,Cinnamon Toast Crunch,https://pitfootball.com/league/pit-football/teams/640,39,WSF South - U of M Complex (4),https://pitfootball.com/league/pit-football/division/133/schedule/2194,2026-08-29 15:30:28
2026-04-18,8:15 PM,5v5,Touch_Division_7,REGULAR,The Wickermen,https://pitfootball.com/league/pit-football/teams/631,21,Moneyball,https://pitfootball.com/league/pit-football/teams/626,14,WSF South - U of M Complex (2),https://pitfootball.com/league/pit-football/division/125/schedule/2188,2026-08-29 15:30:28
2026-04-18,7:30 PM,5v5,Touch_Division_3,REGULAR,Iowa Track Stars,https://pitfootball.com/league/pit-football/teams/616,12,Bleue’s Clueless,https://pitfootball.com/league/pit-football/teams/652,31,WSF North - Garden City Complex (3),https://pitfootball.com/league/pit-football/division/121/schedule/2164,2026-08-29 15:30:28
2026-04-18,7:30 PM,Flag,Flag_D2_Men's,REGULAR,U18 Team Manitoba,https://pitfootball.com/league/pit-football/teams/603,32,Peg City Pipeline,https://pitfootball.com/league/pit-football/teams/629,28,WSF North - Garden City Complex (2),https://pitfootball.com/league/pit-football/division/114/schedule/2160,2026-08-29 15:30:28
2026-04-18,7:30 PM,Flag,Flag_D2_Men's,REGULAR,Rebellion (Old-Timers),https://pitfootball.com/league/pit-football/teams/556,39,Down to Flag,https://pitfootball.com/league/pit-football/teams/619,28,WSF North - Garden City Complex (4),https://pitfootball.com/league/pit-football/division/114/schedule/2168,2026-08-29 15:30:28
2026-04-18,7:30 PM,Coed,Coed_Division_(Touch),REGULAR,Seriously Fun,https://pitfootball.com/league/pit-football/teams/610,18,Big Bowl of PicaDILLO,https://pitfootball.com/league/pit-football/teams/646,21,WSF North - Garden City Complex (1),https://pitfootball.com/league/pit-football/division/118/schedule/2156,2026-08-29 15:30:28
2026-04-18,11:30 PM,5v5,Touch_Division_16,REGULAR,The Big Black Brant,https://pitfootball.com/league/pit-football/teams/552,8,Droppin Dimes,https://pitfootball.com/league/pit-football/teams/581,21,WSF North - Garden City Complex (1),https://pitfootball.com/league/pit-football/division/178/schedule/2172,2026-08-29 15:30:28
2026-04-18,11:30 PM,5v5,Touch_Division_7,REGULAR,431 Shootaz,https://pitfootball.com/league/pit-football/teams/592,44,The Northern,https://pitfootball.com/league/pit-football/teams/607,7,WSF North - Garden City Complex (4),https://pitfootball.com/league/pit-football/division/125/schedule/2184,2026-08-29 15:30:28
2026-04-18,11:30 PM,5v5,Touch_Division_1_&_2,REGULAR,North Bay,https://pitfootball.com/league/pit-football/teams/651,35,Be Sexy,https://pitfootball.com/league/pit-football/teams/574,27,WSF North - Garden City Complex (2),https://pitfootball.com/league/pit-football/division/175/schedule/2176,2026-08-29 15:30:28
2026-04-18,11:30 PM,5v5,Touch_Division_9,REGULAR,Average Sized Giants,https://pitfootball.com/league/pit-football/teams/657,25,Fooseballers,https://pitfootball.com/league/pit-football/teams/578,28,WSF North - Garden City Complex (3),https://pitfootball.com/league/pit-football/division/127/schedule/2180,2026-08-29 15:30:28
2026-04-18,10:30 PM,5v5,Touch_Division_13,REGULAR,Hawks,https://pitfootball.com/league/pit-football/teams/632,6,WF,https://pitfootball.com/league/pit-football/teams/656,12,WSF North - Garden City Complex (4),https://pitfootball.com/league/pit-football/division/131/schedule/2183,2026-08-29 15:30:28
2026-04-18,10:30 PM,Coed,Coed_Division_(Flag),REGULAR,Hot Mess Express,https://pitfootball.com/league/pit-football/teams/623,21,Smells Like Teen Spirit,https://pitfootball.com/league/pit-football/teams/633,47,WSF North - Garden City Complex (1),https://pitfootball.com/league/pit-football/division/117/schedule/2171,2026-08-29 15:30:28
2026-04-18,10:30 PM,Flag,Flag_D1_Women's,REGULAR,Team Manitoba U16 Girls,https://pitfootball.com/league/pit-football/teams/543,6,Team Manitoba U18 Girls,https://pitfootball.com/league/pit-football/teams/544,34,WSF North - Garden City Complex (3),https://pitfootball.com/league/pit-football/division/173/schedule/2179,2026-08-29 15:30:28
2026-04-18,10:30 PM,5v5,Touch_Division_4,REGULAR,Gym Class Heroes,https://pitfootball.com/league/pit-football/teams/588,21,Gotham Knights Legends,https://pitfootball.com/league/pit-football/teams/627,18,WSF North - Garden City Complex (2),https://pitfootball.com/league/pit-football/division/122/schedule/2175,2026-08-29 15:30:28
2026-04-18,10:15 PM,5v5,Touch_Division_11,REGULAR,Dot City,https://pitfootball.com/league/pit-football/teams/582,20,Huddle Buddies,https://pitfootball.com/league/pit-football/teams/570,30,WSF South - U of M Complex (3),https://pitfootball.com/league/pit-football/division/129/schedule/2193,2026-08-29 15:30:28
2026-04-18,10:15 PM,5v5,Touch_Division_14,REGULAR,Practice Safe Sacks,https://pitfootball.com/league/pit-football/teams/558,18,Vorsprung Mafia,https://pitfootball.com/league/pit-football/teams/547,26,WSF South - U of M Complex (1),https://pitfootball.com/league/pit-football/division/132/schedule/2187,2026-08-29 15:30:28
2026-04-18,10:15 PM,5v5,Touch_Division_8,REGULAR,Chill Guys,https://pitfootball.com/league/pit-football/teams/617,27,Football Is Fun,https://pitfootball.com/league/pit-football/teams/653,25,WSF South - U of M Complex (2),https://pitfootball.com/league/pit-football/division/126/schedule/2190,2026-08-29 15:30:28
2026-04-18,10:15 PM,5v5,Touch_Division_9,REGULAR,Cougar hunters,https://pitfootball.com/league/pit-football/teams/579,34,Honeysuckle Football Boys,https://pitfootball.com/league/pit-football/teams/571,12,WSF South - U of M Complex (4),https://pitfootball.com/league/pit-football/division/127/schedule/2196,2026-08-29 15:30:28
2026-04-17,9:30 PM,5v5,Touch_Division_11,REGULAR,Blue Ballers,https://pitfootball.com/league/pit-football/teams/606,12,Silverbacks,https://pitfootball.com/league/pit-football/teams/557,35,WSF North - Garden City Complex (3),https://pitfootball.com/league/pit-football/division/129/schedule/2149,2026-08-29 15:30:28
2026-04-17,9:30 PM,5v5,Touch_Division_16,REGULAR,Original 16 Free Agents,https://pitfootball.com/league/pit-football/teams/573,0,Toxic Waste,https://pitfootball.com/league/pit-football/teams/634,19,WSF North - Garden City Complex (4),https://pitfootball.com/league/pit-football/division/178/schedule/2151,2026-08-29 15:30:28
2026-04-17,9:30 PM,5v5,Touch_Division_8,REGULAR,Los Amigos Del Huddle,https://pitfootball.com/league/pit-football/teams/569,6,Average Joes,https://pitfootball.com/league/pit-football/teams/654,54,WSF North - Garden City Complex (2),https://pitfootball.com/league/pit-football/division/126/schedule/2146,2026-08-29 15:30:28
2026-04-17,9:30 PM,Coed,Coed_Division_(Touch),REGULAR,Winnipeg Wolfpack,https://pitfootball.com/league/pit-football/teams/548,6,Mean Girls,https://pitfootball.com/league/pit-football/teams/593,19,WSF North - Garden City Complex (1),https://pitfootball.com/league/pit-football/division/118/schedule/2143,2026-08-29 15:30:28
2026-04-17,9:00 PM,Flag,Flag_D1_Men's,REGULAR,Rebellion,https://pitfootball.com/league/pit-football/teams/584,46,North Bay Flag,https://pitfootball.com/league/pit-football/teams/528,32,WSF South - U of M Complex (2),https://pitfootball.com/league/pit-football/division/113/schedule/2159,2026-08-29 15:30:28
2026-04-17,9:00 PM,Flag,Flag_D1_Women's,REGULAR,Triple T,https://pitfootball.com/league/pit-football/teams/600,32,Team Manitoba U19 girls,https://pitfootball.com/league/pit-football/teams/542,14,WSF South - U of M Complex (4),https://pitfootball.com/league/pit-football/division/173/schedule/2167,2026-08-29 15:30:28
2026-04-17,9:00 PM,5v5,Touch_Division_14,REGULAR,The Unction,https://pitfootball.com/league/pit-football/teams/597,20,Back That Pass Up,https://pitfootball.com/league/pit-football/teams/575,21,WSF South - U of M Complex (1),https://pitfootball.com/league/pit-football/division/132/schedule/2155,2026-08-29 15:30:28
2026-04-17,9:00 PM,5v5,Touch_Division_4,REGULAR,young guns,https://pitfootball.com/league/pit-football/teams/598,32,Rouge Farm,https://pitfootball.com/league/pit-football/teams/641,39,WSF South - U of M Complex (3),https://pitfootball.com/league/pit-football/division/122/schedule/2163,2026-08-29 15:30:28
2026-04-17,8:30 PM,5v5,Touch_Division_10,REGULAR,Loose Cannons,https://pitfootball.com/league/pit-football/teams/620,25,Gym Class Zeros,https://pitfootball.com/league/pit-football/teams/585,37,WSF North - Garden City Complex (3),https://pitfootball.com/league/pit-football/division/128/schedule/2148,2026-08-29 15:30:28
2026-04-17,8:30 PM,5v5,Touch_Division_10,REGULAR,Venum,https://pitfootball.com/league/pit-football/teams/565,25,The peasants,https://pitfootball.com/league/pit-football/teams/622,26,WSF North - Garden City Complex (4),https://pitfootball.com/league/pit-football/division/128/schedule/2150,2026-08-29 15:30:28
2026-04-17,8:30 PM,5v5,Touch_Division_6,REGULAR,Injured Reserve,https://pitfootball.com/league/pit-football/teams/567,19,Past Our Bed Time,https://pitfootball.com/league/pit-football/teams/590,32,WSF North - Garden City Complex (2),https://pitfootball.com/league/pit-football/division/124/schedule/2145,2026-08-29 15:30:28
2026-04-17,8:30 PM,Coed,Coed_Division_(Touch),REGULAR,Double tD’s,https://pitfootball.com/league/pit-football/teams/530,8,Danger Zone,https://pitfootball.com/league/pit-football/teams/621,58,WSF North - Garden City Complex (1),https://pitfootball.com/league/pit-football/division/118/schedule/2142,2026-08-29 15:30:28
2026-04-17,8:00 PM,Flag,Flag_D1_Men's,REGULAR,MennoKnights,https://pitfootball.com/league/pit-football/teams/563,44,Alliance,https://pitfootball.com/league/pit-football/teams/594,35,WSF South - U of M Complex (2),https://pitfootball.com/league/pit-football/division/113/schedule/2158,2026-08-29 15:30:28
2026-04-17,8:00 PM,5v5,Touch_Division_15,REGULAR,Young Bucks and Old Fs,https://pitfootball.com/league/pit-football/teams/596,12,Please Lettuce Win,https://pitfootball.com/league/pit-football/teams/618,26,WSF South - U of M Complex (4),https://pitfootball.com/league/pit-football/division/133/schedule/2166,2026-08-29 15:30:28
2026-04-17,8:00 PM,5v5,Touch_Division_14,REGULAR,Reapers,https://pitfootball.com/league/pit-football/teams/532,30,Cheeky Pints,https://pitfootball.com/league/pit-football/teams/545,19,WSF South - U of M Complex (1),https://pitfootball.com/league/pit-football/division/132/schedule/2154,2026-08-29 15:30:28
2026-04-17,8:00 PM,5v5,Touch_Division_1_&_2,REGULAR,Cream Team,https://pitfootball.com/league/pit-football/teams/624,44,Polk High,https://pitfootball.com/league/pit-football/teams/613,25,WSF South - U of M Complex (3),https://pitfootball.com/league/pit-football/division/175/schedule/2162,2026-08-29 15:30:28
2026-04-17,7:00 PM,Flag,Flag_D1_Men's,REGULAR,Peg CIty,https://pitfootball.com/league/pit-football/teams/605,39,A1 Flags,https://pitfootball.com/league/pit-football/teams/647,18,WSF South - U of M Complex (2),https://pitfootball.com/league/pit-football/division/113/schedule/2157,2026-08-29 15:30:28
2026-04-17,7:00 PM,5v5,Touch_Division_13,REGULAR,Low Expectationz,https://pitfootball.com/league/pit-football/teams/560,1,Passaholics,https://pitfootball.com/league/pit-football/teams/611,0,WSF South - U of M Complex (1),https://pitfootball.com/league/pit-football/division/131/schedule/2153,2026-08-29 15:30:28
2026-04-17,7:00 PM,Flag,Flag_D1_Women's,REGULAR,Team Manitoba U16 Girls,https://pitfootball.com/league/pit-football/teams/543,19,Havoc,https://pitfootball.com/league/pit-football/teams/546,13,WSF South - U of M Complex (4),https://pitfootball.com/league/pit-football/division/173/schedule/2165,2026-08-29 15:30:28
2026-04-17,7:00 PM,5v5,Touch_Division_1_&_2,REGULAR,Rouge Gods,https://pitfootball.com/league/pit-football/teams/628,14,Be Sexy,https://pitfootball.com/league/pit-football/teams/574,32,WSF South - U of M Complex (3),https://pitfootball.com/league/pit-football/division/175/schedule/2161,2026-08-29 15:30:28
2026-04-17,10:30 PM,5v5,Touch_Division_12,REGULAR,Naughty Nightmares,https://pitfootball.com/league/pit-football/teams/531,6,Banda Makers,https://pitfootball.com/league/pit-football/teams/595,27,WSF North - Garden City Complex (1),https://pitfootball.com/league/pit-football/division/130/schedule/2144,2026-08-29 15:30:28
2026-04-17,10:30 PM,5v5,Touch_Division_7,REGULAR,Necessary Roughness,https://pitfootball.com/league/pit-football/teams/608,34,Folks from the East,https://pitfootball.com/league/pit-football/teams/658,42,WSF North - Garden City Complex (4),https://pitfootball.com/league/pit-football/division/125/schedule/2152,2026-08-29 15:30:28
2026-04-17,10:30 PM,5v5,Touch_Division_6,REGULAR,Awesome luck,https://pitfootball.com/league/pit-football/teams/636,39,Strange Brew,https://pitfootball.com/league/pit-football/teams/577,42,WSF North - Garden City Complex (3),https://pitfootball.com/league/pit-football/division/123/schedule/2247,2026-08-29 15:30:28
2026-04-17,10:30 PM,5v5,Touch_Division_3,REGULAR,Goobers,https://pitfootball.com/league/pit-football/teams/639,32,Homer Hawks,https://pitfootball.com/league/pit-football/teams/601,13,WSF North - Garden City Complex (2),https://pitfootball.com/league/pit-football/division/121/schedule/2147,2026-08-29 15:30:28
2026-04-17,10:30 PM,5v5,Touch_Division_5,REGULAR,Awesome luck,https://pitfootball.com/league/pit-football/teams/636,39,Strange Brew,https://pitfootball.com/league/pit-football/teams/577,42,WSF North - Garden City Complex (3),https://pitfootball.com/league/pit-football/division/123/schedule/2247,2026-08-29 15:30:28
2026-04-11,9:30 PM,5v5,Touch_Division_13,REGULAR,One Bourbon,https://pitfootball.com/league/pit-football/teams/562,32,Checkdown Chumps,https://pitfootball.com/league/pit-football/teams/564,6,WSF North - Garden City Complex (4),https://pitfootball.com/league/pit-football/division/131/schedule/2127,2026-08-29 15:30:28
2026-04-11,9:30 PM,5v5,Touch_Division_11,REGULAR,WANGHAF,https://pitfootball.com/league/pit-football/teams/643,2,Dot City,https://pitfootball.com/league/pit-football/teams/582,18,WSF North - Garden City Complex (3),https://pitfootball.com/league/pit-football/division/129/schedule/2124,2026-08-29 15:30:28
2026-04-11,9:30 PM,Coed,Coed_Division_(Touch),REGULAR,Seriously Fun,https://pitfootball.com/league/pit-football/teams/610,31,Double tD’s,https://pitfootball.com/league/pit-football/teams/530,0,WSF North - Garden City Complex (1),https://pitfootball.com/league/pit-football/division/118/schedule/2118,2026-08-29 15:30:28
2026-04-11,9:30 PM,5v5,Touch_Division_9,REGULAR,Young Wild and Free,https://pitfootball.com/league/pit-football/teams/566,20,Average Sized Giants,https://pitfootball.com/league/pit-football/teams/657,26,WSF North - Garden City Complex (2),https://pitfootball.com/league/pit-football/division/127/schedule/2121,2026-08-29 15:30:28
2026-04-11,9:00 PM,Flag,Flag_D1_Men's,REGULAR,MennoKnights,https://pitfootball.com/league/pit-football/teams/563,45,North Bay Flag,https://pitfootball.com/league/pit-football/teams/528,24,WSF South - U of M Complex (2),https://pitfootball.com/league/pit-football/division/113/schedule/2133,2026-08-29 15:30:28
2026-04-11,9:00 PM,Flag,Flag_D1_Women's,REGULAR,Triple T,https://pitfootball.com/league/pit-football/teams/600,28,Team Manitoba U18 Girls,https://pitfootball.com/league/pit-football/teams/544,51,WSF South - U of M Complex (4),https://pitfootball.com/league/pit-football/division/173/schedule/2139,2026-08-29 15:30:28
2026-04-11,9:00 PM,5v5,Touch_Division_3,REGULAR,Goobers,https://pitfootball.com/league/pit-football/teams/639,31,Bleue’s Clueless,https://pitfootball.com/league/pit-football/teams/652,42,WSF South - U of M Complex (1),https://pitfootball.com/league/pit-football/division/121/schedule/2130,2026-08-29 15:30:28
2026-04-11,9:00 PM,5v5,Touch_Division_4,REGULAR,Kate & Co.,https://pitfootball.com/league/pit-football/teams/591,33,Gym Class Heroes,https://pitfootball.com/league/pit-football/teams/588,19,WSF South - U of M Complex (3),https://pitfootball.com/league/pit-football/division/122/schedule/2136,2026-08-29 15:30:28
2026-04-11,11:30 PM,5v5,Touch_Division_12,REGULAR,Banda Makers,https://pitfootball.com/league/pit-football/teams/595,19,Senor Ian's Los Amigos,https://pitfootball.com/league/pit-football/teams/568,12,WSF North - Garden City Complex (1),https://pitfootball.com/league/pit-football/division/130/schedule/2120,2026-08-29 15:30:28
2026-04-11,11:30 PM,5v5,Touch_Division_16,REGULAR,Original 16 Free Agents,https://pitfootball.com/league/pit-football/teams/573,2,Droppin Dimes,https://pitfootball.com/league/pit-football/teams/581,32,WSF North - Garden City Complex (2),https://pitfootball.com/league/pit-football/division/178/schedule/2123,2026-08-29 15:30:28
2026-04-11,11:30 PM,5v5,Touch_Division_16,REGULAR,The Big Black Brant,https://pitfootball.com/league/pit-football/teams/552,12,Toxic Waste,https://pitfootball.com/league/pit-football/teams/634,31,WSF North - Garden City Complex (4),https://pitfootball.com/league/pit-football/division/178/schedule/2129,2026-08-29 15:30:28
2026-04-11,11:30 PM,5v5,Touch_Division_14,REGULAR,Vorsprung Mafia,https://pitfootball.com/league/pit-football/teams/547,18,Cheeky Pints,https://pitfootball.com/league/pit-football/teams/545,9,WSF North - Garden City Complex (3),https://pitfootball.com/league/pit-football/division/132/schedule/2126,2026-08-29 15:30:28
2026-04-11,11:00 PM,Flag,Flag_D1_Men's,REGULAR,Alliance,https://pitfootball.com/league/pit-football/teams/594,27,Peg CIty,https://pitfootball.com/league/pit-football/teams/605,34,WSF South - U of M Complex (2),https://pitfootball.com/league/pit-football/division/113/schedule/2135,2026-08-29 15:30:28
2026-04-11,11:00 PM,5v5,Touch_Division_13,REGULAR,Hawks,https://pitfootball.com/league/pit-football/teams/632,32,Low Expectationz,https://pitfootball.com/league/pit-football/teams/560,12,WSF South - U of M Complex (4),https://pitfootball.com/league/pit-football/division/131/schedule/2141,2026-08-29 15:30:28
2026-04-11,11:00 PM,Coed,Coed_Division_(Flag),REGULAR,Hot Mess Express,https://pitfootball.com/league/pit-football/teams/623,19,Disabled Guardians,https://pitfootball.com/league/pit-football/teams/650,33,WSF South - U of M Complex (3),https://pitfootball.com/league/pit-football/division/117/schedule/2138,2026-08-29 15:30:28
2026-04-11,11:00 PM,5v5,Touch_Division_9,REGULAR,Cougar hunters,https://pitfootball.com/league/pit-football/teams/579,34,Fooseballers,https://pitfootball.com/league/pit-football/teams/578,12,WSF South - U of M Complex (1),https://pitfootball.com/league/pit-football/division/127/schedule/2132,2026-08-29 15:30:28
2026-04-11,10:30 PM,5v5,Touch_Division_12,REGULAR,Third Down For What,https://pitfootball.com/league/pit-football/teams/602,54,Boozers,https://pitfootball.com/league/pit-football/teams/615,2,WSF North - Garden City Complex (4),https://pitfootball.com/league/pit-football/division/130/schedule/2128,2026-08-29 15:30:28
2026-04-11,10:30 PM,5v5,Touch_Division_11,REGULAR,Huddle Buddies,https://pitfootball.com/league/pit-football/teams/570,24,Silverbacks,https://pitfootball.com/league/pit-football/teams/557,14,WSF North - Garden City Complex (3),https://pitfootball.com/league/pit-football/division/129/schedule/2125,2026-08-29 15:30:28
2026-04-11,10:30 PM,Coed,Coed_Division_(Touch),REGULAR,Mean Girls,https://pitfootball.com/league/pit-football/teams/593,6,The Dirty Snaps,https://pitfootball.com/league/pit-football/teams/529,40,WSF North - Garden City Complex (1),https://pitfootball.com/league/pit-football/division/118/schedule/2119,2026-08-29 15:30:28
2026-04-11,10:30 PM,5v5,Touch_Division_9,REGULAR,Honeysuckle Football Boys,https://pitfootball.com/league/pit-football/teams/571,35,Stone Cold Killas,https://pitfootball.com/league/pit-football/teams/576,33,WSF North - Garden City Complex (2),https://pitfootball.com/league/pit-football/division/127/schedule/2122,2026-08-29 15:30:28
2026-04-11,10:00 PM,Flag,Flag_D1_Men's,REGULAR,A1 Flags,https://pitfootball.com/league/pit-football/teams/647,13,Rebellion,https://pitfootball.com/league/pit-football/teams/584,63,WSF South - U of M Complex (2),https://pitfootball.com/league/pit-football/division/113/schedule/2134,2026-08-29 15:30:28
2026-04-11,10:00 PM,5v5,Touch_Division_5,REGULAR,Young Guns Two,https://pitfootball.com/league/pit-football/teams/599,18,Strange Brew,https://pitfootball.com/league/pit-football/teams/577,30,WSF South - U of M Complex (3),https://pitfootball.com/league/pit-football/division/123/schedule/2137,2026-08-29 15:30:28
2026-04-11,10:00 PM,Flag,Flag_D2_Men's,REGULAR,U18 Team Manitoba,https://pitfootball.com/league/pit-football/teams/603,59,Down to Flag,https://pitfootball.com/league/pit-football/teams/619,18,WSF South - U of M Complex (1),https://pitfootball.com/league/pit-football/division/114/schedule/2131,2026-08-29 15:30:28
2026-04-11,10:00 PM,Coed,Coed_Division_(Touch),REGULAR,WEAM,https://pitfootball.com/league/pit-football/teams/645,30,Here for the Football,https://pitfootball.com/league/pit-football/teams/635,26,WSF South - U of M Complex (4),https://pitfootball.com/league/pit-football/division/118/schedule/2140,2026-08-29 15:30:28
2026-04-10,9:30 PM,5v5,Touch_Division_10,REGULAR,Gym Class Zeros,https://pitfootball.com/league/pit-football/teams/585,26,The peasants,https://pitfootball.com/league/pit-football/teams/622,34,WSF South - U of M Complex (3),https://pitfootball.com/league/pit-football/division/128/schedule/2112,2026-08-29 15:30:28
2026-04-10,9:30 PM,5v5,Touch_Division_3,REGULAR,Homer Hawks,https://pitfootball.com/league/pit-football/teams/601,38,Lizard Kings,https://pitfootball.com/league/pit-football/teams/612,26,WSF South - U of M Complex (4),https://pitfootball.com/league/pit-football/division/121/schedule/2115,2026-08-29 15:30:28
2026-04-10,9:30 PM,Flag,Flag_D2_Men's,REGULAR,Peg City Pipeline,https://pitfootball.com/league/pit-football/teams/629,40,Rebellion (Old-Timers),https://pitfootball.com/league/pit-football/teams/556,33,WSF South - U of M Complex (2),https://pitfootball.com/league/pit-football/division/114/schedule/2109,2026-08-29 15:30:28
2026-04-10,9:30 PM,Coed,Coed_Division_(Touch),REGULAR,Danger Zone,https://pitfootball.com/league/pit-football/teams/621,13,Big Bowl of PicaDILLO,https://pitfootball.com/league/pit-football/teams/646,7,WSF South - U of M Complex (1),https://pitfootball.com/league/pit-football/division/118/schedule/2106,2026-08-29 15:30:28
2026-04-10,9:00 PM,5v5,Touch_Division_11,REGULAR,First Downers,https://pitfootball.com/league/pit-football/teams/609,49,Blue Ballers,https://pitfootball.com/league/pit-football/teams/606,13,WSF North - Garden City Complex (4),https://pitfootball.com/league/pit-football/division/129/schedule/2103,2026-08-29 15:30:28
2026-04-10,9:00 PM,5v5,Touch_Division_10,REGULAR,The Vaudevillians,https://pitfootball.com/league/pit-football/teams/614,32,Venum,https://pitfootball.com/league/pit-football/teams/565,19,WSF North - Garden City Complex (1),https://pitfootball.com/league/pit-football/division/128/schedule/2094,2026-08-29 15:30:28
2026-04-10,9:00 PM,5v5,Touch_Division_15,REGULAR,Almost Athletes,https://pitfootball.com/league/pit-football/teams/642,8,Young Bucks and Old Fs,https://pitfootball.com/league/pit-football/teams/596,54,WSF North - Garden City Complex (3),https://pitfootball.com/league/pit-football/division/133/schedule/2100,2026-08-29 15:30:28
2026-04-10,9:00 PM,5v5,Touch_Division_6,REGULAR,Injured Reserve,https://pitfootball.com/league/pit-football/teams/567,12,Avengers,https://pitfootball.com/league/pit-football/teams/649,46,WSF North - Garden City Complex (2),https://pitfootball.com/league/pit-football/division/124/schedule/2097,2026-08-29 15:30:28
2026-04-10,11:30 PM,5v5,Touch_Division_10,REGULAR,Ball Handlers,https://pitfootball.com/league/pit-football/teams/583,39,Loose Cannons,https://pitfootball.com/league/pit-football/teams/620,44,WSF South - U of M Complex (3),https://pitfootball.com/league/pit-football/division/128/schedule/2114,2026-08-29 15:30:28
2026-04-10,11:30 PM,5v5,Touch_Division_15,REGULAR,Punt Force Trauma,https://pitfootball.com/league/pit-football/teams/550,19,Please Lettuce Win,https://pitfootball.com/league/pit-football/teams/618,25,WSF South - U of M Complex (1),https://pitfootball.com/league/pit-football/division/133/schedule/2108,2026-08-29 15:30:28
2026-04-10,11:30 PM,5v5,Touch_Division_6,REGULAR,Past Our Bed Time,https://pitfootball.com/league/pit-football/teams/590,30,Awesome luck,https://pitfootball.com/league/pit-football/teams/636,8,WSF South - U of M Complex (4),https://pitfootball.com/league/pit-football/division/124/schedule/2117,2026-08-29 15:30:28
2026-04-10,11:30 PM,5v5,Touch_Division_1_&_2,REGULAR,North Bay,https://pitfootball.com/league/pit-football/teams/651,25,Polk High,https://pitfootball.com/league/pit-football/teams/613,18,WSF South - U of M Complex (2),https://pitfootball.com/league/pit-football/division/175/schedule/2111,2026-08-29 15:30:28
2026-04-10,11:00 PM,5v5,Touch_Division_12,REGULAR,TouchDown Syndrome,https://pitfootball.com/league/pit-football/teams/648,36,Naughty Nightmares,https://pitfootball.com/league/pit-football/teams/531,30,WSF North - Garden City Complex (1),https://pitfootball.com/league/pit-football/division/130/schedule/2096,2026-08-29 15:30:28
2026-04-10,11:00 PM,5v5,Touch_Division_14,REGULAR,Reapers,https://pitfootball.com/league/pit-football/teams/532,14,Back That Pass Up,https://pitfootball.com/league/pit-football/teams/575,15,WSF North - Garden City Complex (4),https://pitfootball.com/league/pit-football/division/132/schedule/2105,2026-08-29 15:30:28
2026-04-10,11:00 PM,5v5,Touch_Division_3,REGULAR,Goobers,https://pitfootball.com/league/pit-football/teams/639,34,Iowa Track Stars,https://pitfootball.com/league/pit-football/teams/616,38,WSF North - Garden City Complex (3),https://pitfootball.com/league/pit-football/division/121/schedule/2102,2026-08-29 15:30:28
2026-04-10,11:00 PM,5v5,Touch_Division_1_&_2,REGULAR,Warriors,https://pitfootball.com/league/pit-football/teams/625,46,Rouge Gods,https://pitfootball.com/league/pit-football/teams/628,47,WSF North - Garden City Complex (2),https://pitfootball.com/league/pit-football/division/175/schedule/2099,2026-08-29 15:30:28
2026-04-10,10:30 PM,5v5,Touch_Division_15,REGULAR,Endzone,https://pitfootball.com/league/pit-football/teams/644,13,Cinnamon Toast Crunch,https://pitfootball.com/league/pit-football/teams/640,23,WSF South - U of M Complex (3),https://pitfootball.com/league/pit-football/division/133/schedule/2110,2026-08-29 15:30:28
2026-04-10,10:30 PM,Flag,Flag_D1_Women's,REGULAR,Team Manitoba U16 Girls,https://pitfootball.com/league/pit-football/teams/543,26,Team Manitoba U19 girls,https://pitfootball.com/league/pit-football/teams/542,20,WSF South - U of M Complex (1),https://pitfootball.com/league/pit-football/division/173/schedule/2107,2026-08-29 15:30:28
2026-04-10,10:30 PM,5v5,Touch_Division_8,REGULAR,Deep Copper,https://pitfootball.com/league/pit-football/teams/561,7,Average Joes,https://pitfootball.com/league/pit-football/teams/654,25,WSF South - U of M Complex (4),https://pitfootball.com/league/pit-football/division/126/schedule/2116,2026-08-29 15:30:28
2026-04-10,10:30 PM,5v5,Touch_Division_4,REGULAR,young guns,https://pitfootball.com/league/pit-football/teams/598,33,Gotham Knights Legends,https://pitfootball.com/league/pit-football/teams/627,52,WSF South - U of M Complex (2),https://pitfootball.com/league/pit-football/division/122/schedule/2113,2026-08-29 15:30:28
2026-04-10,10:00 PM,5v5,Touch_Division_13,REGULAR,WF,https://pitfootball.com/league/pit-football/teams/656,0,Passaholics,https://pitfootball.com/league/pit-football/teams/611,1,WSF North - Garden City Complex (1),https://pitfootball.com/league/pit-football/division/131/schedule/2095,2026-08-29 15:30:28
2026-04-10,10:00 PM,5v5,Touch_Division_14,REGULAR,The Unction,https://pitfootball.com/league/pit-football/teams/597,20,Practice Safe Sacks,https://pitfootball.com/league/pit-football/teams/558,46,WSF North - Garden City Complex (4),https://pitfootball.com/league/pit-football/division/132/schedule/2104,2026-08-29 15:30:28
2026-04-10,10:00 PM,5v5,Touch_Division_7,REGULAR,Moneyball,https://pitfootball.com/league/pit-football/teams/626,13,Necessary Roughness,https://pitfootball.com/league/pit-football/teams/608,26,WSF North - Garden City Complex (3),https://pitfootball.com/league/pit-football/division/125/schedule/2101,2026-08-29 15:30:28
2026-04-10,10:00 PM,Flag,Flag_D3_Men's,REGULAR,That’s a Gimme,https://pitfootball.com/league/pit-football/teams/572,50,U16 Team Manitoba,https://pitfootball.com/league/pit-football/teams/549,31,WSF North - Garden City Complex (2),https://pitfootball.com/league/pit-football/division/115/schedule/2098,2026-08-29 15:30:28
2026-04-05,12:30 AM,5v5,Touch_Division_12,REGULAR,TouchDown Syndrome,https://pitfootball.com/league/pit-football/teams/648,20,Boozers,https://pitfootball.com/league/pit-football/teams/615,50,WSF North - Garden City Complex (1),https://pitfootball.com/league/pit-football/division/130/schedule/2049,2026-08-29 15:30:28
2026-04-05,12:30 AM,5v5,Touch_Division_3,REGULAR,Lizard Kings,https://pitfootball.com/league/pit-football/teams/612,20,Bleue’s Clueless,https://pitfootball.com/league/pit-football/teams/652,34,WSF North - Garden City Complex (2),https://pitfootball.com/league/pit-football/division/121/schedule/2060,2026-08-29 15:30:28
2026-04-05,12:00 AM,5v5,Touch_Division_15,REGULAR,Young Bucks and Old Fs,https://pitfootball.com/league/pit-football/teams/596,26,Punt Force Trauma,https://pitfootball.com/league/pit-football/teams/550,27,WSF North - Garden City Complex (4),https://pitfootball.com/league/pit-football/division/133/schedule/2068,2026-08-29 15:30:28
2026-04-05,12:00 AM,5v5,Touch_Division_6,REGULAR,Avengers,https://pitfootball.com/league/pit-football/teams/649,25,GCH: The Second Coming,https://pitfootball.com/league/pit-football/teams/587,12,WSF North - Garden City Complex (4),https://pitfootball.com/league/pit-football/division/123/schedule/2093,2026-08-29 15:30:28
2026-04-05,12:00 AM,5v5,Touch_Division_5,REGULAR,Avengers,https://pitfootball.com/league/pit-football/teams/649,25,GCH: The Second Coming,https://pitfootball.com/league/pit-football/teams/587,12,WSF North - Garden City Complex (4),https://pitfootball.com/league/pit-football/division/123/schedule/2093,2026-08-29 15:30:28
2026-04-04,8:45 PM,5v5,Touch_Division_12,REGULAR,Banda Makers,https://pitfootball.com/league/pit-football/teams/595,19,Third Down For What,https://pitfootball.com/league/pit-football/teams/602,24,WSF South - U of M Complex (2),https://pitfootball.com/league/pit-football/division/130/schedule/2077,2026-08-29 15:30:28
2026-04-04,8:45 PM,5v5,Touch_Division_13,REGULAR,Checkdown Chumps,https://pitfootball.com/league/pit-football/teams/564,18,Hawks,https://pitfootball.com/league/pit-football/teams/632,12,WSF South - U of M Complex (4),https://pitfootball.com/league/pit-football/division/131/schedule/2090,2026-08-29 15:30:28
2026-04-04,8:45 PM,5v5,Touch_Division_11,REGULAR,Huddle Buddies,https://pitfootball.com/league/pit-football/teams/570,13,Blue Ballers,https://pitfootball.com/league/pit-football/teams/606,30,WSF South - U of M Complex (3),https://pitfootball.com/league/pit-football/division/129/schedule/2082,2026-08-29 15:30:28
2026-04-04,8:45 PM,Coed,Coed_Division_(Touch),REGULAR,Winnipeg Wolfpack,https://pitfootball.com/league/pit-football/teams/548,7,Here for the Football,https://pitfootball.com/league/pit-football/teams/635,32,WSF South - U of M Complex (1),https://pitfootball.com/league/pit-football/division/118/schedule/2071,2026-08-29 15:30:28
2026-04-04,8:30 PM,Flag,Flag_D1_Men's,REGULAR,North Bay Flag,https://pitfootball.com/league/pit-football/teams/528,32,A1 Flags,https://pitfootball.com/league/pit-football/teams/647,43,WSF North - Garden City Complex (2),https://pitfootball.com/league/pit-football/division/113/schedule/2054,2026-08-29 15:30:28
2026-04-04,8:30 PM,5v5,Touch_Division_6,REGULAR,More Heart Than Demar,https://pitfootball.com/league/pit-football/teams/630,38,Young Guns Two,https://pitfootball.com/league/pit-football/teams/599,21,WSF North - Garden City Complex (4),https://pitfootball.com/league/pit-football/division/123/schedule/2091,2026-08-29 15:30:28
2026-04-04,8:30 PM,5v5,Touch_Division_5,REGULAR,More Heart Than Demar,https://pitfootball.com/league/pit-football/teams/630,38,Young Guns Two,https://pitfootball.com/league/pit-football/teams/599,21,WSF North - Garden City Complex (4),https://pitfootball.com/league/pit-football/division/123/schedule/2091,2026-08-29 15:30:28
2026-04-04,8:30 PM,Coed,Coed_Division_(Touch),REGULAR,Mean Girls,https://pitfootball.com/league/pit-football/teams/593,0,Big Bowl of PicaDILLO,https://pitfootball.com/league/pit-football/teams/646,33,WSF North - Garden City Complex (1),https://pitfootball.com/league/pit-football/division/118/schedule/2048,2026-08-29 15:30:28
2026-04-04,8:30 PM,5v5,Touch_Division_9,REGULAR,Honeysuckle Football Boys,https://pitfootball.com/league/pit-football/teams/571,34,Average Sized Giants,https://pitfootball.com/league/pit-football/teams/657,40,WSF North - Garden City Complex (3),https://pitfootball.com/league/pit-football/division/127/schedule/2089,2026-08-29 15:30:28
2026-04-04,7:45 PM,5v5,Touch_Division_12,REGULAR,Naughty Nightmares,https://pitfootball.com/league/pit-football/teams/531,6,Senor Ian's Los Amigos,https://pitfootball.com/league/pit-football/teams/568,19,WSF South - U of M Complex (3),https://pitfootball.com/league/pit-football/division/130/schedule/2083,2026-08-29 15:30:28
2026-04-04,7:45 PM,5v5,Touch_Division_11,REGULAR,Silverbacks,https://pitfootball.com/league/pit-football/teams/557,26,Dot City,https://pitfootball.com/league/pit-football/teams/582,14,WSF South - U of M Complex (4),https://pitfootball.com/league/pit-football/division/129/schedule/2074,2026-08-29 15:30:28
2026-04-04,7:45 PM,Coed,Coed_Division_(Touch),REGULAR,The Dirty Snaps,https://pitfootball.com/league/pit-football/teams/529,18,Seriously Fun,https://pitfootball.com/league/pit-football/teams/610,30,WSF South - U of M Complex (1),https://pitfootball.com/league/pit-football/division/118/schedule/2070,2026-08-29 15:30:28
2026-04-04,7:45 PM,Flag,Flag_D3_Men's,REGULAR,That’s a Gimme,https://pitfootball.com/league/pit-football/teams/572,44,Bench Warmers,https://pitfootball.com/league/pit-football/teams/589,40,WSF South - U of M Complex (2),https://pitfootball.com/league/pit-football/division/115/schedule/2076,2026-08-29 15:30:28
2026-04-04,7:30 PM,Flag,Flag_D1_Men's,REGULAR,Rebellion,https://pitfootball.com/league/pit-football/teams/584,35,Alliance,https://pitfootball.com/league/pit-football/teams/594,38,WSF North - Garden City Complex (2),https://pitfootball.com/league/pit-football/division/113/schedule/2053,2026-08-29 15:30:28
2026-04-04,7:30 PM,Flag,Flag_D1_Women's,REGULAR,Havoc,https://pitfootball.com/league/pit-football/teams/546,20,Triple T,https://pitfootball.com/league/pit-football/teams/600,32,WSF North - Garden City Complex (1),https://pitfootball.com/league/pit-football/division/173/schedule/2047,2026-08-29 15:30:28
2026-04-04,7:30 PM,5v5,Touch_Division_4,REGULAR,young guns,https://pitfootball.com/league/pit-football/teams/598,25,Kate & Co.,https://pitfootball.com/league/pit-football/teams/591,20,WSF North - Garden City Complex (4),https://pitfootball.com/league/pit-football/division/122/schedule/2078,2026-08-29 15:30:28
2026-04-04,7:30 PM,Flag,Flag_D2_Men's,REGULAR,Peg City Pipeline,https://pitfootball.com/league/pit-football/teams/629,21,The Diddlers,https://pitfootball.com/league/pit-football/teams/638,27,WSF North - Garden City Complex (3),https://pitfootball.com/league/pit-football/division/114/schedule/2059,2026-08-29 15:30:28
2026-04-04,6:45 PM,5v5,Touch_Division_10,REGULAR,Loose Cannons,https://pitfootball.com/league/pit-football/teams/620,26,The Vaudevillians,https://pitfootball.com/league/pit-football/teams/614,21,WSF South - U of M Complex (4),https://pitfootball.com/league/pit-football/division/128/schedule/2085,2026-08-29 15:30:28
2026-04-04,6:45 PM,5v5,Touch_Division_15,REGULAR,Please Lettuce Win,https://pitfootball.com/league/pit-football/teams/618,14,Endzone,https://pitfootball.com/league/pit-football/teams/644,31,WSF South - U of M Complex (3),https://pitfootball.com/league/pit-football/division/133/schedule/2080,2026-08-29 15:30:28
2026-04-04,6:45 PM,Coed,Coed_Division_(Touch),REGULAR,WEAM,https://pitfootball.com/league/pit-football/teams/645,32,Double tD’s,https://pitfootball.com/league/pit-football/teams/530,13,WSF South - U of M Complex (1),https://pitfootball.com/league/pit-football/division/118/schedule/2069,2026-08-29 15:30:28
2026-04-04,6:45 PM,Flag,Flag_D3_Men's,REGULAR,Bikini Bottoms,https://pitfootball.com/league/pit-football/teams/586,31,U16 Team Manitoba,https://pitfootball.com/league/pit-football/teams/549,38,WSF South - U of M Complex (2),https://pitfootball.com/league/pit-football/division/115/schedule/2075,2026-08-29 15:30:28
2026-04-04,6:30 PM,Flag,Flag_D1_Men's,REGULAR,Peg CIty,https://pitfootball.com/league/pit-football/teams/605,46,MennoKnights,https://pitfootball.com/league/pit-football/teams/563,26,WSF North - Garden City Complex (2),https://pitfootball.com/league/pit-football/division/113/schedule/2052,2026-08-29 15:30:28
2026-04-04,6:30 PM,Flag,Flag_D1_Women's,REGULAR,Team Manitoba U19 girls,https://pitfootball.com/league/pit-football/teams/542,18,Team Manitoba U18 Girls,https://pitfootball.com/league/pit-football/teams/544,51,WSF North - Garden City Complex (1),https://pitfootball.com/league/pit-football/division/173/schedule/2046,2026-08-29 15:30:28
2026-04-04,6:30 PM,5v5,Touch_Division_6,REGULAR,Past Our Bed Time,https://pitfootball.com/league/pit-football/teams/590,38,Old Baller Brand,https://pitfootball.com/league/pit-football/teams/655,19,WSF North - Garden City Complex (4),https://pitfootball.com/league/pit-football/division/123/schedule/2092,2026-08-29 15:30:28
2026-04-04,6:30 PM,5v5,Touch_Division_5,REGULAR,Past Our Bed Time,https://pitfootball.com/league/pit-football/teams/590,38,Old Baller Brand,https://pitfootball.com/league/pit-football/teams/655,19,WSF North - Garden City Complex (4),https://pitfootball.com/league/pit-football/division/123/schedule/2092,2026-08-29 15:30:28
2026-04-04,6:30 PM,Flag,Flag_D2_Men's,REGULAR,Rebellion (Old-Timers),https://pitfootball.com/league/pit-football/teams/556,27,U18 Team Manitoba,https://pitfootball.com/league/pit-football/teams/603,12,WSF North - Garden City Complex (3),https://pitfootball.com/league/pit-football/division/114/schedule/2058,2026-08-29 15:30:28
2026-04-04,11:30 PM,5v5,Touch_Division_8,REGULAR,Old Dogs,https://pitfootball.com/league/pit-football/teams/559,0,Football Is Fun,https://pitfootball.com/league/pit-football/teams/653,1,WSF North - Garden City Complex (1),https://pitfootball.com/league/pit-football/division/126/schedule/2051,2026-08-29 15:30:28
2026-04-04,11:30 PM,5v5,Touch_Division_3,REGULAR,Homer Hawks,https://pitfootball.com/league/pit-football/teams/601,32,Iowa Track Stars,https://pitfootball.com/league/pit-football/teams/616,28,WSF North - Garden City Complex (2),https://pitfootball.com/league/pit-football/division/121/schedule/2079,2026-08-29 15:30:28
2026-04-04,11:00 PM,5v5,Touch_Division_16,REGULAR,Undisputed Era,https://pitfootball.com/league/pit-football/teams/551,12,The Big Black Brant,https://pitfootball.com/league/pit-football/teams/552,7,WSF North - Garden City Complex (4),https://pitfootball.com/league/pit-football/division/178/schedule/2088,2026-08-29 15:30:28
2026-04-04,11:00 PM,5v5,Touch_Division_7,REGULAR,Moneyball,https://pitfootball.com/league/pit-football/teams/626,12,Folks from the East,https://pitfootball.com/league/pit-football/teams/658,37,WSF North - Garden City Complex (3),https://pitfootball.com/league/pit-football/division/125/schedule/2065,2026-08-29 15:30:28
2026-04-03,9:30 PM,5v5,Touch_Division_13,REGULAR,Passaholics,https://pitfootball.com/league/pit-football/teams/611,19,One Bourbon,https://pitfootball.com/league/pit-football/teams/562,28,WSF South - U of M Complex (4),https://pitfootball.com/league/pit-football/division/131/schedule/2084,2026-08-29 15:30:28
2026-04-03,9:30 PM,5v5,Touch_Division_14,REGULAR,Vorsprung Mafia,https://pitfootball.com/league/pit-football/teams/547,12,Reapers,https://pitfootball.com/league/pit-football/teams/532,28,WSF South - U of M Complex (3),https://pitfootball.com/league/pit-football/division/132/schedule/2064,2026-08-29 15:30:28
2026-04-03,9:30 PM,5v5,Touch_Division_7,REGULAR,The Wickermen,https://pitfootball.com/league/pit-football/teams/631,21,The Northern,https://pitfootball.com/league/pit-football/teams/607,25,WSF South - U of M Complex (1),https://pitfootball.com/league/pit-football/division/125/schedule/2081,2026-08-29 15:30:28
2026-04-03,9:30 PM,5v5,Touch_Division_1_&_2,REGULAR,Warriors,https://pitfootball.com/league/pit-football/teams/625,13,North Bay,https://pitfootball.com/league/pit-football/teams/651,46,WSF South - U of M Complex (2),https://pitfootball.com/league/pit-football/division/175/schedule/2055,2026-08-29 15:30:28
2026-04-03,8:30 PM,5v5,Touch_Division_11,REGULAR,WANGHAF,https://pitfootball.com/league/pit-football/teams/643,18,First Downers,https://pitfootball.com/league/pit-football/teams/609,39,WSF South - U of M Complex (4),https://pitfootball.com/league/pit-football/division/129/schedule/2063,2026-08-29 15:30:28
2026-04-03,8:30 PM,5v5,Touch_Division_10,REGULAR,Ball Handlers,https://pitfootball.com/league/pit-football/teams/583,44,Gym Class Zeros,https://pitfootball.com/league/pit-football/teams/585,25,WSF South - U of M Complex (1),https://pitfootball.com/league/pit-football/division/128/schedule/2086,2026-08-29 15:30:28
2026-04-03,8:30 PM,5v5,Touch_Division_1_&_2,REGULAR,Polk High,https://pitfootball.com/league/pit-football/teams/613,29,Be Sexy,https://pitfootball.com/league/pit-football/teams/574,18,WSF South - U of M Complex (3),https://pitfootball.com/league/pit-football/division/175/schedule/2062,2026-08-29 15:30:28
2026-04-03,8:30 PM,Flag,Flag_D2_Men's,REGULAR,U19 Team Manitoba,https://pitfootball.com/league/pit-football/teams/604,45,Down to Flag,https://pitfootball.com/league/pit-football/teams/619,20,WSF South - U of M Complex (2),https://pitfootball.com/league/pit-football/division/114/schedule/2056,2026-08-29 15:30:28
2026-04-03,7:30 PM,Coed,Coed_Division_(Flag),REGULAR,Smells Like Teen Spirit,https://pitfootball.com/league/pit-football/teams/633,14,Disabled Guardians,https://pitfootball.com/league/pit-football/teams/650,33,WSF South - U of M Complex (1),https://pitfootball.com/league/pit-football/division/117/schedule/2050,2026-08-29 15:30:28
2026-04-03,7:30 PM,5v5,Touch_Division_7,REGULAR,Necessary Roughness,https://pitfootball.com/league/pit-football/teams/608,19,431 Shootaz,https://pitfootball.com/league/pit-football/teams/592,38,WSF South - U of M Complex (4),https://pitfootball.com/league/pit-football/division/125/schedule/2072,2026-08-29 15:30:28
2026-04-03,7:30 PM,5v5,Touch_Division_1_&_2,REGULAR,Cream Team,https://pitfootball.com/league/pit-football/teams/624,38,Rouge Gods,https://pitfootball.com/league/pit-football/teams/628,39,WSF South - U of M Complex (2),https://pitfootball.com/league/pit-football/division/175/schedule/2061,2026-08-29 15:30:28
2026-04-03,7:30 PM,5v5,Touch_Division_9,REGULAR,Stone Cold Killas,https://pitfootball.com/league/pit-football/teams/576,40,Cougar hunters,https://pitfootball.com/league/pit-football/teams/579,37,WSF South - U of M Complex (3),https://pitfootball.com/league/pit-football/division/127/schedule/2066,2026-08-29 15:30:28
2026-04-03,6:30 PM,Coed,Coed_Division_(Flag),REGULAR,Hot Mess Express,https://pitfootball.com/league/pit-football/teams/623,21,Bruh,https://pitfootball.com/league/pit-football/teams/637,31,WSF South - U of M Complex (1),https://pitfootball.com/league/pit-football/division/117/schedule/2067,2026-08-29 15:30:28
2026-04-03,6:30 PM,5v5,Touch_Division_16,REGULAR,Rach Hard Cachs,https://pitfootball.com/league/pit-football/teams/580,20,Toxic Waste,https://pitfootball.com/league/pit-football/teams/634,7,WSF South - U of M Complex (4),https://pitfootball.com/league/pit-football/division/178/schedule/2087,2026-08-29 15:30:28
2026-04-03,6:30 PM,5v5,Touch_Division_8,REGULAR,Deep Copper,https://pitfootball.com/league/pit-football/teams/561,6,Chill Guys,https://pitfootball.com/league/pit-football/teams/617,28,WSF South - U of M Complex (3),https://pitfootball.com/league/pit-football/division/126/schedule/2073,2026-08-29 15:30:28
2026-04-03,6:30 PM,5v5,Touch_Division_4,REGULAR,Rouge Farm,https://pitfootball.com/league/pit-football/teams/641,26,Gotham Knights Legends,https://pitfootball.com/league/pit-football/teams/627,40,WSF South - U of M Complex (2),https://pitfootball.com/league/pit-football/division/122/schedule/2057,2026-08-29 15:30:28
2026-03-28,9:30 PM,5v5,Touch_Division_12,REGULAR,Boozers,https://pitfootball.com/league/pit-football/teams/615,6,Banda Makers,https://pitfootball.com/league/pit-football/teams/595,24,WSF South - U of M Complex (2),https://pitfootball.com/league/pit-football/division/130/schedule/2038,2026-08-29 15:30:28
2026-03-28,9:30 PM,Flag,Flag_D1_Men's,REGULAR,North Bay Flag,https://pitfootball.com/league/pit-football/teams/528,46,Peg CIty,https://pitfootball.com/league/pit-football/teams/605,47,WSF North - Garden City Complex (2),https://pitfootball.com/league/pit-football/division/113/schedule/2023,2026-08-29 15:30:28
2026-03-28,9:30 PM,5v5,Touch_Division_16,REGULAR,Undisputed Era,https://pitfootball.com/league/pit-football/teams/551,21,Droppin Dimes,https://pitfootball.com/league/pit-football/teams/581,38,WSF North - Garden City Complex (3),https://pitfootball.com/league/pit-football/division/178/schedule/2027,2026-08-29 15:30:28
2026-03-28,9:30 PM,5v5,Touch_Division_16,REGULAR,Original 16 Free Agents,https://pitfootball.com/league/pit-football/teams/573,12,Rach Hard Cachs,https://pitfootball.com/league/pit-football/teams/580,21,WSF South - U of M Complex (1),https://pitfootball.com/league/pit-football/division/178/schedule/2035,2026-08-29 15:30:28
2026-03-28,9:30 PM,5v5,Touch_Division_3,REGULAR,Lizard Kings,https://pitfootball.com/league/pit-football/teams/612,22,Goobers,https://pitfootball.com/league/pit-football/teams/639,24,WSF North - Garden City Complex (1),https://pitfootball.com/league/pit-football/division/121/schedule/2019,2026-08-29 15:30:28
2026-03-28,9:30 PM,Coed,Coed_Division_(Touch),REGULAR,Danger Zone,https://pitfootball.com/league/pit-football/teams/621,39,Seriously Fun,https://pitfootball.com/league/pit-football/teams/610,0,WSF North - Garden City Complex (4),https://pitfootball.com/league/pit-football/division/118/schedule/2031,2026-08-29 15:30:28
2026-03-28,9:30 PM,Coed,Coed_Division_(Touch),REGULAR,The Dirty Snaps,https://pitfootball.com/league/pit-football/teams/529,35,WEAM,https://pitfootball.com/league/pit-football/teams/645,37,WSF South - U of M Complex (4),https://pitfootball.com/league/pit-football/division/118/schedule/2044,2026-08-29 15:30:28
2026-03-28,9:30 PM,5v5,Touch_Division_9,REGULAR,Cougar hunters,https://pitfootball.com/league/pit-football/teams/579,19,Average Sized Giants,https://pitfootball.com/league/pit-football/teams/657,32,WSF South - U of M Complex (3),https://pitfootball.com/league/pit-football/division/127/schedule/2041,2026-08-29 15:30:28
2026-03-28,8:30 PM,Coed,Coed_Division_(Flag),REGULAR,Bruh,https://pitfootball.com/league/pit-football/teams/637,32,Smells Like Teen Spirit,https://pitfootball.com/league/pit-football/teams/633,31,WSF North - Garden City Complex (4),https://pitfootball.com/league/pit-football/division/117/schedule/2030,2026-08-29 15:30:28
2026-03-28,8:30 PM,5v5,Touch_Division_10,REGULAR,The Vaudevillians,https://pitfootball.com/league/pit-football/teams/614,40,Gym Class Zeros,https://pitfootball.com/league/pit-football/teams/585,34,WSF South - U of M Complex (4),https://pitfootball.com/league/pit-football/division/128/schedule/2043,2026-08-29 15:30:28
2026-03-28,8:30 PM,5v5,Touch_Division_14,REGULAR,Back That Pass Up,https://pitfootball.com/league/pit-football/teams/575,27,Cheeky Pints,https://pitfootball.com/league/pit-football/teams/545,20,WSF South - U of M Complex (1),https://pitfootball.com/league/pit-football/division/132/schedule/2034,2026-08-29 15:30:28
2026-03-28,8:30 PM,5v5,Touch_Division_8,REGULAR,Deep Copper,https://pitfootball.com/league/pit-football/teams/561,0,Los Amigos Del Huddle,https://pitfootball.com/league/pit-football/teams/569,35,WSF South - U of M Complex (3),https://pitfootball.com/league/pit-football/division/126/schedule/2040,2026-08-29 15:30:28
2026-03-28,8:30 PM,5v5,Touch_Division_6,REGULAR,More Heart Than Demar,https://pitfootball.com/league/pit-football/teams/630,47,Injured Reserve,https://pitfootball.com/league/pit-football/teams/567,26,WSF South - U of M Complex (2),https://pitfootball.com/league/pit-football/division/124/schedule/2037,2026-08-29 15:30:28
2026-03-28,8:30 PM,5v5,Touch_Division_4,REGULAR,Kate & Co.,https://pitfootball.com/league/pit-football/teams/591,19,Gotham Knights Legends,https://pitfootball.com/league/pit-football/teams/627,39,WSF North - Garden City Complex (2),https://pitfootball.com/league/pit-football/division/122/schedule/2022,2026-08-29 15:30:28
2026-03-28,8:30 PM,Flag,Flag_D3_Men's,REGULAR,Bikini Bottoms,https://pitfootball.com/league/pit-football/teams/586,6,Bench Warmers,https://pitfootball.com/league/pit-football/teams/589,50,WSF North - Garden City Complex (3),https://pitfootball.com/league/pit-football/division/115/schedule/2026,2026-08-29 15:30:28
2026-03-28,8:30 PM,5v5,Touch_Division_9,REGULAR,Honeysuckle Football Boys,https://pitfootball.com/league/pit-football/teams/571,23,Fooseballers,https://pitfootball.com/league/pit-football/teams/578,13,WSF North - Garden City Complex (1),https://pitfootball.com/league/pit-football/division/127/schedule/2018,2026-08-29 15:30:28
2026-03-28,12:00 AM,5v5,Touch_Division_11,REGULAR,Silverbacks,https://pitfootball.com/league/pit-football/teams/557,18,First Downers,https://pitfootball.com/league/pit-football/teams/609,38,WSF South - U of M Complex (3),https://pitfootball.com/league/pit-football/division/129/schedule/2010,2026-08-29 15:30:28
2026-03-28,12:00 AM,5v5,Touch_Division_11,REGULAR,WANGHAF,https://pitfootball.com/league/pit-football/teams/643,76,Blue Ballers,https://pitfootball.com/league/pit-football/teams/606,18,WSF South - U of M Complex (2),https://pitfootball.com/league/pit-football/division/129/schedule/2013,2026-08-29 15:30:28
2026-03-28,12:00 AM,5v5,Touch_Division_15,REGULAR,Cinnamon Toast Crunch,https://pitfootball.com/league/pit-football/teams/640,8,Young Bucks and Old Fs,https://pitfootball.com/league/pit-football/teams/596,25,WSF South - U of M Complex (1),https://pitfootball.com/league/pit-football/division/133/schedule/2011,2026-08-29 15:30:28
2026-03-28,12:00 AM,5v5,Touch_Division_14,REGULAR,Practice Safe Sacks,https://pitfootball.com/league/pit-football/teams/558,20,Reapers,https://pitfootball.com/league/pit-football/teams/532,19,WSF South - U of M Complex (4),https://pitfootball.com/league/pit-football/division/132/schedule/2017,2026-08-29 15:30:28
2026-03-28,11:30 PM,Flag,Flag_D1_Men's,REGULAR,A1 Flags,https://pitfootball.com/league/pit-football/teams/647,20,Alliance,https://pitfootball.com/league/pit-football/teams/594,35,WSF North - Garden City Complex (2),https://pitfootball.com/league/pit-football/division/113/schedule/2025,2026-08-29 15:30:28
2026-03-28,11:30 PM,5v5,Touch_Division_13,REGULAR,Passaholics,https://pitfootball.com/league/pit-football/teams/611,16,Hawks,https://pitfootball.com/league/pit-football/teams/632,25,WSF North - Garden City Complex (4),https://pitfootball.com/league/pit-football/division/131/schedule/2033,2026-08-29 15:30:28
2026-03-28,11:30 PM,5v5,Touch_Division_6,REGULAR,Avengers,https://pitfootball.com/league/pit-football/teams/649,24,Awesome luck,https://pitfootball.com/league/pit-football/teams/636,27,WSF North - Garden City Complex (1),https://pitfootball.com/league/pit-football/division/124/schedule/2021,2026-08-29 15:30:28
2026-03-28,11:30 PM,Flag,Flag_D2_Men's,REGULAR,The Diddlers,https://pitfootball.com/league/pit-football/teams/638,25,Down to Flag,https://pitfootball.com/league/pit-football/teams/619,46,WSF North - Garden City Complex (3),https://pitfootball.com/league/pit-football/division/114/schedule/2029,2026-08-29 15:30:28
2026-03-28,10:30 PM,5v5,Touch_Division_12,REGULAR,Third Down For What,https://pitfootball.com/league/pit-football/teams/602,31,TouchDown Syndrome,https://pitfootball.com/league/pit-football/teams/648,12,WSF South - U of M Complex (1),https://pitfootball.com/league/pit-football/division/130/schedule/2036,2026-08-29 15:30:28
2026-03-28,10:30 PM,Flag,Flag_D1_Men's,REGULAR,MennoKnights,https://pitfootball.com/league/pit-football/teams/563,47,Rebellion,https://pitfootball.com/league/pit-football/teams/584,46,WSF North - Garden City Complex (2),https://pitfootball.com/league/pit-football/division/113/schedule/2024,2026-08-29 15:30:28
2026-03-28,10:30 PM,5v5,Touch_Division_10,REGULAR,Ball Handlers,https://pitfootball.com/league/pit-football/teams/583,38,The peasants,https://pitfootball.com/league/pit-football/teams/622,13,WSF North - Garden City Complex (1),https://pitfootball.com/league/pit-football/division/128/schedule/2020,2026-08-29 15:30:28
2026-03-28,10:30 PM,5v5,Touch_Division_15,REGULAR,Almost Athletes,https://pitfootball.com/league/pit-football/teams/642,0,Punt Force Trauma,https://pitfootball.com/league/pit-football/teams/550,46,WSF South - U of M Complex (4),https://pitfootball.com/league/pit-football/division/133/schedule/2045,2026-08-29 15:30:28
2026-03-28,10:30 PM,5v5,Touch_Division_8,REGULAR,Football Is Fun,https://pitfootball.com/league/pit-football/teams/653,21,Average Joes,https://pitfootball.com/league/pit-football/teams/654,20,WSF North - Garden City Complex (4),https://pitfootball.com/league/pit-football/division/126/schedule/2032,2026-08-29 15:30:28
2026-03-28,10:30 PM,5v5,Touch_Division_8,REGULAR,Chill Guys,https://pitfootball.com/league/pit-football/teams/617,14,Old Dogs,https://pitfootball.com/league/pit-football/teams/559,6,WSF South - U of M Complex (2),https://pitfootball.com/league/pit-football/division/126/schedule/2039,2026-08-29 15:30:28
2026-03-28,10:30 PM,5v5,Touch_Division_7,REGULAR,The Northern,https://pitfootball.com/league/pit-football/teams/607,15,Moneyball,https://pitfootball.com/league/pit-football/teams/626,35,WSF South - U of M Complex (3),https://pitfootball.com/league/pit-football/division/125/schedule/2042,2026-08-29 15:30:28
2026-03-28,10:30 PM,Flag,Flag_D2_Men's,REGULAR,U19 Team Manitoba,https://pitfootball.com/league/pit-football/teams/604,55,Peg City Pipeline,https://pitfootball.com/league/pit-football/teams/629,13,WSF North - Garden City Complex (3),https://pitfootball.com/league/pit-football/division/114/schedule/2028,2026-08-29 15:30:28
2026-03-27,9:45 PM,Flag,Flag_D1_Women's,REGULAR,Team Manitoba U16 Girls,https://pitfootball.com/league/pit-football/teams/543,27,Triple T,https://pitfootball.com/league/pit-football/teams/600,26,WSF North - Garden City Complex (3),https://pitfootball.com/league/pit-football/division/173/schedule/2004,2026-08-29 15:30:28
2026-03-27,9:45 PM,5v5,Touch_Division_7,REGULAR,The Wickermen,https://pitfootball.com/league/pit-football/teams/631,32,431 Shootaz,https://pitfootball.com/league/pit-football/teams/592,28,WSF North - Garden City Complex (1),https://pitfootball.com/league/pit-football/division/125/schedule/1998,2026-08-29 15:30:28
2026-03-27,9:45 PM,5v5,Touch_Division_5,REGULAR,Young Guns Two,https://pitfootball.com/league/pit-football/teams/599,33,Old Baller Brand,https://pitfootball.com/league/pit-football/teams/655,36,WSF North - Garden City Complex (4),https://pitfootball.com/league/pit-football/division/123/schedule/2007,2026-08-29 15:30:28
2026-03-27,9:45 PM,5v5,Touch_Division_4,REGULAR,Gym Class Heroes,https://pitfootball.com/league/pit-football/teams/588,39,Rouge Farm,https://pitfootball.com/league/pit-football/teams/641,46,WSF North - Garden City Complex (2),https://pitfootball.com/league/pit-football/division/122/schedule/2001,2026-08-29 15:30:28
2026-03-27,11:45 PM,5v5,Touch_Division_10,REGULAR,Venum,https://pitfootball.com/league/pit-football/teams/565,26,Loose Cannons,https://pitfootball.com/league/pit-football/teams/620,14,WSF North - Garden City Complex (4),https://pitfootball.com/league/pit-football/division/128/schedule/2009,2026-08-29 15:30:28
2026-03-27,11:45 PM,5v5,Touch_Division_5,REGULAR,Strange Brew,https://pitfootball.com/league/pit-football/teams/577,39,GCH: The Second Coming,https://pitfootball.com/league/pit-football/teams/587,28,WSF North - Garden City Complex (3),https://pitfootball.com/league/pit-football/division/123/schedule/2006,2026-08-29 15:30:28
2026-03-27,11:45 PM,5v5,Touch_Division_1_&_2,REGULAR,Polk High,https://pitfootball.com/league/pit-football/teams/613,38,Rouge Gods,https://pitfootball.com/league/pit-football/teams/628,34,WSF North - Garden City Complex (2),https://pitfootball.com/league/pit-football/division/175/schedule/2003,2026-08-29 15:30:28
2026-03-27,11:45 PM,5v5,Touch_Division_9,REGULAR,Stone Cold Killas,https://pitfootball.com/league/pit-football/teams/576,33,Young Wild and Free,https://pitfootball.com/league/pit-football/teams/566,20,WSF North - Garden City Complex (1),https://pitfootball.com/league/pit-football/division/127/schedule/2000,2026-08-29 15:30:28
2026-03-27,11:00 PM,5v5,Touch_Division_13,REGULAR,Checkdown Chumps,https://pitfootball.com/league/pit-football/teams/564,18,Low Expectationz,https://pitfootball.com/league/pit-football/teams/560,15,WSF South - U of M Complex (3),https://pitfootball.com/league/pit-football/division/131/schedule/2014,2026-08-29 15:30:28
2026-03-27,11:00 PM,5v5,Touch_Division_13,REGULAR,One Bourbon,https://pitfootball.com/league/pit-football/teams/562,26,WF,https://pitfootball.com/league/pit-football/teams/656,39,WSF South - U of M Complex (4),https://pitfootball.com/league/pit-football/division/131/schedule/2016,2026-08-29 15:30:28
2026-03-27,11:00 PM,5v5,Touch_Division_14,REGULAR,Vorsprung Mafia,https://pitfootball.com/league/pit-football/teams/547,26,The Unction,https://pitfootball.com/league/pit-football/teams/597,25,WSF South - U of M Complex (1),https://pitfootball.com/league/pit-football/division/132/schedule/2015,2026-08-29 15:30:28
2026-03-27,11:00 PM,5v5,Touch_Division_1_&_2,REGULAR,Cream Team,https://pitfootball.com/league/pit-football/teams/624,51,Warriors,https://pitfootball.com/league/pit-football/teams/625,33,WSF South - U of M Complex (2),https://pitfootball.com/league/pit-football/division/175/schedule/2012,2026-08-29 15:30:28
2026-03-27,10:45 PM,Flag,Flag_D1_Women's,REGULAR,Team Manitoba U18 Girls,https://pitfootball.com/league/pit-football/teams/544,34,Havoc,https://pitfootball.com/league/pit-football/teams/546,12,WSF North - Garden City Complex (3),https://pitfootball.com/league/pit-football/division/173/schedule/2005,2026-08-29 15:30:28
2026-03-27,10:45 PM,5v5,Touch_Division_3,REGULAR,Homer Hawks,https://pitfootball.com/league/pit-football/teams/601,34,Bleue’s Clueless,https://pitfootball.com/league/pit-football/teams/652,35,WSF North - Garden City Complex (2),https://pitfootball.com/league/pit-football/division/121/schedule/2002,2026-08-29 15:30:28
2026-03-27,10:45 PM,Coed,Coed_Division_(Touch),REGULAR,Here for the Football,https://pitfootball.com/league/pit-football/teams/635,46,Mean Girls,https://pitfootball.com/league/pit-football/teams/593,20,WSF North - Garden City Complex (1),https://pitfootball.com/league/pit-football/division/118/schedule/1999,2026-08-29 15:30:28
2026-03-27,10:45 PM,Coed,Coed_Division_(Touch),REGULAR,Winnipeg Wolfpack,https://pitfootball.com/league/pit-football/teams/548,34,Double tD’s,https://pitfootball.com/league/pit-football/teams/530,2,WSF North - Garden City Complex (4),https://pitfootball.com/league/pit-football/division/118/schedule/2008,2026-08-29 15:30:28
2026-03-22,12:00 AM,5v5,Touch_Division_12,REGULAR,TouchDown Syndrome,https://pitfootball.com/league/pit-football/teams/648,24,Senor Ian's Los Amigos,https://pitfootball.com/league/pit-football/teams/568,31,WSF North - Garden City Complex (3),https://pitfootball.com/league/pit-football/division/130/schedule/1982,2026-08-29 15:30:28
2026-03-22,12:00 AM,5v5,Touch_Division_16,REGULAR,Undisputed Era,https://pitfootball.com/league/pit-football/teams/551,14,Toxic Waste,https://pitfootball.com/league/pit-football/teams/634,52,WSF North - Garden City Complex (4),https://pitfootball.com/league/pit-football/division/178/schedule/1985,2026-08-29 15:30:28
2026-03-22,12:00 AM,5v5,Touch_Division_8,REGULAR,Deep Copper,https://pitfootball.com/league/pit-football/teams/561,18,Football Is Fun,https://pitfootball.com/league/pit-football/teams/653,32,WSF North - Garden City Complex (1),https://pitfootball.com/league/pit-football/division/126/schedule/1976,2026-08-29 15:30:28
2026-03-22,12:00 AM,5v5,Touch_Division_6,REGULAR,More Heart Than Demar,https://pitfootball.com/league/pit-football/teams/630,30,Awesome luck,https://pitfootball.com/league/pit-football/teams/636,35,WSF North - Garden City Complex (2),https://pitfootball.com/league/pit-football/division/124/schedule/1979,2026-08-29 15:30:28
2026-03-21,9:30 PM,Flag,Flag_D1_Men's,REGULAR,MennoKnights,https://pitfootball.com/league/pit-football/teams/563,46,A1 Flags,https://pitfootball.com/league/pit-football/teams/647,45,WSF South - U of M Complex (2),https://pitfootball.com/league/pit-football/division/113/schedule/1989,2026-08-29 15:30:28
2026-03-21,9:30 PM,Flag,Flag_D1_Women's,REGULAR,Team Manitoba U19 girls,https://pitfootball.com/league/pit-football/teams/542,12,Havoc,https://pitfootball.com/league/pit-football/teams/546,21,WSF South - U of M Complex (1),https://pitfootball.com/league/pit-football/division/173/schedule/1986,2026-08-29 15:30:28
2026-03-21,9:30 PM,5v5,Touch_Division_14,REGULAR,The Unction,https://pitfootball.com/league/pit-football/teams/597,17,Cheeky Pints,https://pitfootball.com/league/pit-football/teams/545,6,WSF South - U of M Complex (3),https://pitfootball.com/league/pit-football/division/132/schedule/1995,2026-08-29 15:30:28
2026-03-21,9:30 PM,Flag,Flag_D2_Men's,REGULAR,U19 Team Manitoba,https://pitfootball.com/league/pit-football/teams/604,41,U18 Team Manitoba,https://pitfootball.com/league/pit-football/teams/603,42,WSF South - U of M Complex (3),https://pitfootball.com/league/pit-football/division/114/schedule/1992,2026-08-29 15:30:28
2026-03-21,12:00 AM,5v5,Touch_Division_12,REGULAR,Third Down For What,https://pitfootball.com/league/pit-football/teams/602,55,Naughty Nightmares,https://pitfootball.com/league/pit-football/teams/531,18,WSF North - Garden City Complex (1),https://pitfootball.com/league/pit-football/division/130/schedule/1953,2026-08-29 15:30:28
2026-03-21,12:00 AM,5v5,Touch_Division_16,REGULAR,Droppin Dimes,https://pitfootball.com/league/pit-football/teams/581,7,Rach Hard Cachs,https://pitfootball.com/league/pit-football/teams/580,26,WSF North - Garden City Complex (4),https://pitfootball.com/league/pit-football/division/178/schedule/1965,2026-08-29 15:30:28
2026-03-21,12:00 AM,5v5,Touch_Division_5,REGULAR,Strange Brew,https://pitfootball.com/league/pit-football/teams/577,26,Old Baller Brand,https://pitfootball.com/league/pit-football/teams/655,29,WSF North - Garden City Complex (2),https://pitfootball.com/league/pit-football/division/123/schedule/1957,2026-08-29 15:30:28
2026-03-21,12:00 AM,5v5,Touch_Division_9,REGULAR,Young Wild and Free,https://pitfootball.com/league/pit-football/teams/566,13,Fooseballers,https://pitfootball.com/league/pit-football/teams/578,19,WSF North - Garden City Complex (3),https://pitfootball.com/league/pit-football/division/127/schedule/1961,2026-08-29 15:30:28
2026-03-21,11:30 PM,Coed,Coed_Division_(Flag),REGULAR,Bruh,https://pitfootball.com/league/pit-football/teams/637,12,Disabled Guardians,https://pitfootball.com/league/pit-football/teams/650,38,WSF South - U of M Complex (3),https://pitfootball.com/league/pit-football/division/117/schedule/1997,2026-08-29 15:30:28
2026-03-21,11:30 PM,5v5,Touch_Division_1_&_2,REGULAR,Polk High,https://pitfootball.com/league/pit-football/teams/613,46,Warriors,https://pitfootball.com/league/pit-football/teams/625,28,WSF South - U of M Complex (3),https://pitfootball.com/league/pit-football/division/175/schedule/1994,2026-08-29 15:30:28
2026-03-21,11:30 PM,Flag,Flag_D2_Men's,REGULAR,Rebellion (Old-Timers),https://pitfootball.com/league/pit-football/teams/556,33,The Diddlers,https://pitfootball.com/league/pit-football/teams/638,7,WSF South - U of M Complex (1),https://pitfootball.com/league/pit-football/division/114/schedule/1988,2026-08-29 15:30:28
2026-03-21,11:30 PM,Flag,Flag_D2_Men's,REGULAR,Peg City Pipeline,https://pitfootball.com/league/pit-football/teams/629,25,Down to Flag,https://pitfootball.com/league/pit-football/teams/619,34,WSF South - U of M Complex (2),https://pitfootball.com/league/pit-football/division/114/schedule/1991,2026-08-29 15:30:28
2026-03-21,11:00 PM,5v5,Touch_Division_13,REGULAR,One Bourbon,https://pitfootball.com/league/pit-football/teams/562,33,Low Expectationz,https://pitfootball.com/league/pit-football/teams/560,21,WSF North - Garden City Complex (4),https://pitfootball.com/league/pit-football/division/131/schedule/1984,2026-08-29 15:30:28
2026-03-21,11:00 PM,5v5,Touch_Division_11,REGULAR,WANGHAF,https://pitfootball.com/league/pit-football/teams/643,32,Huddle Buddies,https://pitfootball.com/league/pit-football/teams/570,21,WSF North - Garden City Complex (3),https://pitfootball.com/league/pit-football/division/129/schedule/1981,2026-08-29 15:30:28
2026-03-21,11:00 PM,5v5,Touch_Division_7,REGULAR,Moneyball,https://pitfootball.com/league/pit-football/teams/626,25,431 Shootaz,https://pitfootball.com/league/pit-football/teams/592,34,WSF North - Garden City Complex (1),https://pitfootball.com/league/pit-football/division/125/schedule/1975,2026-08-29 15:30:28
2026-03-21,11:00 PM,5v5,Touch_Division_5,REGULAR,Young Guns Two,https://pitfootball.com/league/pit-football/teams/599,18,GCH: The Second Coming,https://pitfootball.com/league/pit-football/teams/587,31,WSF North - Garden City Complex (2),https://pitfootball.com/league/pit-football/division/123/schedule/1978,2026-08-29 15:30:28
2026-03-21,10:30 PM,Flag,Flag_D1_Men's,REGULAR,Alliance,https://pitfootball.com/league/pit-football/teams/594,38,North Bay Flag,https://pitfootball.com/league/pit-football/teams/528,29,WSF South - U of M Complex (2),https://pitfootball.com/league/pit-football/division/113/schedule/1990,2026-08-29 15:30:28
2026-03-21,10:30 PM,5v5,Touch_Division_13,REGULAR,WF,https://pitfootball.com/league/pit-football/teams/656,50,Checkdown Chumps,https://pitfootball.com/league/pit-football/teams/564,7,WSF South - U of M Complex (4),https://pitfootball.com/league/pit-football/division/131/schedule/1993,2026-08-29 15:30:28
2026-03-21,10:30 PM,5v5,Touch_Division_3,REGULAR,Iowa Track Stars,https://pitfootball.com/league/pit-football/teams/616,20,Lizard Kings,https://pitfootball.com/league/pit-football/teams/612,25,WSF South - U of M Complex (3),https://pitfootball.com/league/pit-football/division/121/schedule/1996,2026-08-29 15:30:28
2026-03-21,10:30 PM,Coed,Coed_Division_(Touch),REGULAR,Seriously Fun,https://pitfootball.com/league/pit-football/teams/610,19,WEAM,https://pitfootball.com/league/pit-football/teams/645,37,WSF South - U of M Complex (1),https://pitfootball.com/league/pit-football/division/118/schedule/1987,2026-08-29 15:30:28
2026-03-21,10:00 PM,5v5,Touch_Division_10,REGULAR,The Vaudevillians,https://pitfootball.com/league/pit-football/teams/614,14,The peasants,https://pitfootball.com/league/pit-football/teams/622,19,WSF North - Garden City Complex (4),https://pitfootball.com/league/pit-football/division/128/schedule/1983,2026-08-29 15:30:28
2026-03-21,10:00 PM,5v5,Touch_Division_8,REGULAR,Old Dogs,https://pitfootball.com/league/pit-football/teams/559,35,Average Joes,https://pitfootball.com/league/pit-football/teams/654,36,WSF North - Garden City Complex (1),https://pitfootball.com/league/pit-football/division/126/schedule/1974,2026-08-29 15:30:28
2026-03-21,10:00 PM,5v5,Touch_Division_7,REGULAR,The Northern,https://pitfootball.com/league/pit-football/teams/607,14,Folks from the East,https://pitfootball.com/league/pit-football/teams/658,40,WSF North - Garden City Complex (3),https://pitfootball.com/league/pit-football/division/125/schedule/1980,2026-08-29 15:30:28
2026-03-21,10:00 PM,5v5,Touch_Division_4,REGULAR,young guns,https://pitfootball.com/league/pit-football/teams/598,28,Gym Class Heroes,https://pitfootball.com/league/pit-football/teams/588,33,WSF North - Garden City Complex (2),https://pitfootball.com/league/pit-football/division/122/schedule/1977,2026-08-29 15:30:28
2026-03-20,9:00 PM,Coed,Coed_Division_(Flag),REGULAR,Hot Mess Express,https://pitfootball.com/league/pit-football/teams/623,12,Smells Like Teen Spirit,https://pitfootball.com/league/pit-football/teams/633,25,WSF North - Garden City Complex (3),https://pitfootball.com/league/pit-football/division/117/schedule/1958,2026-08-29 15:30:28
2026-03-20,9:00 PM,5v5,Touch_Division_4,REGULAR,Rouge Farm,https://pitfootball.com/league/pit-football/teams/641,44,Kate & Co.,https://pitfootball.com/league/pit-football/teams/591,27,WSF North - Garden City Complex (2),https://pitfootball.com/league/pit-football/division/122/schedule/1954,2026-08-29 15:30:28
2026-03-20,9:00 PM,Coed,Coed_Division_(Touch),REGULAR,Winnipeg Wolfpack,https://pitfootball.com/league/pit-football/teams/548,7,Big Bowl of PicaDILLO,https://pitfootball.com/league/pit-football/teams/646,34,WSF North - Garden City Complex (1),https://pitfootball.com/league/pit-football/division/118/schedule/1950,2026-08-29 15:30:28
2026-03-20,9:00 PM,Flag,Flag_D3_Men's,REGULAR,U16 Team Manitoba,https://pitfootball.com/league/pit-football/teams/549,34,Bench Warmers,https://pitfootball.com/league/pit-football/teams/589,40,WSF North - Garden City Complex (4),https://pitfootball.com/league/pit-football/division/115/schedule/1962,2026-08-29 15:30:28
2026-03-20,11:45 PM,5v5,Touch_Division_11,REGULAR,Dot City,https://pitfootball.com/league/pit-football/teams/582,51,Blue Ballers,https://pitfootball.com/league/pit-football/teams/606,15,WSF South - U of M Complex (4),https://pitfootball.com/league/pit-football/division/129/schedule/1973,2026-08-29 15:30:28
2026-03-20,11:45 PM,5v5,Touch_Division_14,REGULAR,Practice Safe Sacks,https://pitfootball.com/league/pit-football/teams/558,39,Back That Pass Up,https://pitfootball.com/league/pit-football/teams/575,6,WSF South - U of M Complex (1),https://pitfootball.com/league/pit-football/division/132/schedule/1967,2026-08-29 15:30:28
2026-03-20,11:45 PM,5v5,Touch_Division_1_&_2,REGULAR,Cream Team,https://pitfootball.com/league/pit-football/teams/624,34,Be Sexy,https://pitfootball.com/league/pit-football/teams/574,25,WSF South - U of M Complex (2),https://pitfootball.com/league/pit-football/division/175/schedule/1969,2026-08-29 15:30:28
2026-03-20,11:45 PM,Flag,Flag_D3_Men's,REGULAR,That’s a Gimme,https://pitfootball.com/league/pit-football/teams/572,13,Bikini Bottoms,https://pitfootball.com/league/pit-football/teams/586,24,WSF South - U of M Complex (3),https://pitfootball.com/league/pit-football/division/115/schedule/1971,2026-08-29 15:30:28
2026-03-20,11:00 PM,5v5,Touch_Division_15,REGULAR,Cinnamon Toast Crunch,https://pitfootball.com/league/pit-football/teams/640,6,Please Lettuce Win,https://pitfootball.com/league/pit-football/teams/618,25,WSF North - Garden City Complex (4),https://pitfootball.com/league/pit-football/division/133/schedule/1964,2026-08-29 15:30:28
2026-03-20,11:00 PM,5v5,Touch_Division_8,REGULAR,Chill Guys,https://pitfootball.com/league/pit-football/teams/617,47,Los Amigos Del Huddle,https://pitfootball.com/league/pit-football/teams/569,27,WSF North - Garden City Complex (2),https://pitfootball.com/league/pit-football/division/126/schedule/1956,2026-08-29 15:30:28
2026-03-20,11:00 PM,5v5,Touch_Division_7,REGULAR,The Wickermen,https://pitfootball.com/league/pit-football/teams/631,26,Necessary Roughness,https://pitfootball.com/league/pit-football/teams/608,0,WSF North - Garden City Complex (3),https://pitfootball.com/league/pit-football/division/125/schedule/1960,2026-08-29 15:30:28
2026-03-20,11:00 PM,Coed,Coed_Division_(Touch),REGULAR,Mean Girls,https://pitfootball.com/league/pit-football/teams/593,25,Double tD’s,https://pitfootball.com/league/pit-football/teams/530,0,WSF North - Garden City Complex (1),https://pitfootball.com/league/pit-football/division/118/schedule/1952,2026-08-29 15:30:28
2026-03-20,10:45 PM,5v5,Touch_Division_10,REGULAR,Gym Class Zeros,https://pitfootball.com/league/pit-football/teams/585,26,Venum,https://pitfootball.com/league/pit-football/teams/565,20,WSF South - U of M Complex (1),https://pitfootball.com/league/pit-football/division/128/schedule/1966,2026-08-29 15:30:28
2026-03-20,10:45 PM,5v5,Touch_Division_15,REGULAR,Endzone,https://pitfootball.com/league/pit-football/teams/644,22,Almost Athletes,https://pitfootball.com/league/pit-football/teams/642,0,WSF South - U of M Complex (4),https://pitfootball.com/league/pit-football/division/133/schedule/1972,2026-08-29 15:30:28
2026-03-20,10:45 PM,5v5,Touch_Division_6,REGULAR,Past Our Bed Time,https://pitfootball.com/league/pit-football/teams/590,31,Injured Reserve,https://pitfootball.com/league/pit-football/teams/567,6,WSF South - U of M Complex (2),https://pitfootball.com/league/pit-football/division/124/schedule/1968,2026-08-29 15:30:28
2026-03-20,10:45 PM,5v5,Touch_Division_9,REGULAR,Stone Cold Killas,https://pitfootball.com/league/pit-football/teams/576,42,Average Sized Giants,https://pitfootball.com/league/pit-football/teams/657,26,WSF South - U of M Complex (3),https://pitfootball.com/league/pit-football/division/127/schedule/1970,2026-08-29 15:30:28
2026-03-20,10:00 PM,5v5,Touch_Division_16,REGULAR,The Big Black Brant,https://pitfootball.com/league/pit-football/teams/552,12,Original 16 Free Agents,https://pitfootball.com/league/pit-football/teams/573,36,WSF North - Garden City Complex (4),https://pitfootball.com/league/pit-football/division/178/schedule/1963,2026-08-29 15:30:28
2026-03-20,10:00 PM,Flag,Flag_D1_Women's,REGULAR,Team Manitoba U18 Girls,https://pitfootball.com/league/pit-football/teams/544,32,Team Manitoba U16 Girls,https://pitfootball.com/league/pit-football/teams/543,34,WSF North - Garden City Complex (3),https://pitfootball.com/league/pit-football/division/173/schedule/1959,2026-08-29 15:30:28
2026-03-20,10:00 PM,5v5,Touch_Division_1_&_2,REGULAR,Rouge Gods,https://pitfootball.com/league/pit-football/teams/628,25,North Bay,https://pitfootball.com/league/pit-football/teams/651,43,WSF North - Garden City Complex (2),https://pitfootball.com/league/pit-football/division/175/schedule/1955,2026-08-29 15:30:28
2026-03-20,10:00 PM,Coed,Coed_Division_(Touch),REGULAR,The Dirty Snaps,https://pitfootball.com/league/pit-football/teams/529,0,Danger Zone,https://pitfootball.com/league/pit-football/teams/621,45,WSF North - Garden City Complex (1),https://pitfootball.com/league/pit-football/division/118/schedule/1951,2026-08-29 15:30:28
