Date,Time,League,Division,Type,Away_Team,Away_Link,Away_Score,Home_Team,Home_Link,Home_Score,Location,Summary,Scraped_At
2026-01-11,00:45,5v5,Touch_Division_12,REGULAR,Honeysuckle Football Boys,https://pitfootball.comdivision/53/teams/897,,Young Wild and Free,https://pitfootball.com/league/pit-football/division/54/teams/672,,WSF North - Garden City Complex (4),,2026-01-06 19:10:42
2026-01-11,00:45,5v5,Touch_Division_3,REGULAR,Philadelphia Cream Cheese,https://pitfootball.com/league/pit-football/division/45/teams/758,,Boston Creamers,https://pitfootball.com/league/pit-football/division/45/teams/760,,WSF North - Garden City Complex (1),,2026-01-06 19:10:42
2026-01-11,00:45,5v5,Touch_Division_6,REGULAR,Avengers,https://pitfootball.comdivision/47/teams/840,,Brewers,https://pitfootball.com/league/pit-football/division/48/teams/846,,WSF North - Garden City Complex (3),,2026-01-06 19:10:42
2026-01-11,00:45,Flag,Flag_D2,REGULAR,A1 Flags,https://pitfootball.com/league/pit-football/division/41/teams/797,,Honey Packs,https://pitfootball.comdivision/99/teams/751,,WSF North - Garden City Complex (2),,2026-01-06 19:10:42
2026-01-11,00:30,5v5,Touch_Division_15,REGULAR,Huddle Buddies,https://pitfootball.com/league/pit-football/division/57/teams/956,,Cougar hunters,https://pitfootball.com/league/pit-football/division/57/teams/953,,WSF South - U of M Complex (4),,2026-01-06 19:10:42
2026-01-11,00:30,5v5,Touch_Division_18,REGULAR,Practice Safe Sacks,https://pitfootball.com/league/pit-football/division/106/teams/991,,One Bourbon One Scotch One Beer,https://pitfootball.com/league/pit-football/division/106/teams/916,,WSF South - U of M Complex (1),,2026-01-06 19:10:42
2026-01-11,00:30,5v5,Touch_Division_20,REGULAR,Cinnamon Toast Crunch,https://pitfootball.com/league/pit-football/division/107/teams/909,,Undisputed Era,https://pitfootball.com/league/pit-football/division/107/teams/907,,WSF South - U of M Complex (3),,2026-01-06 19:10:42
2026-01-11,00:30,5v5,Touch_Division_3,REGULAR,Cream Day Jackers,https://pitfootball.com/league/pit-football/division/45/teams/757,,Creme Fraiche,https://pitfootball.com/league/pit-football/division/45/teams/761,,WSF South - U of M Complex (2),,2026-01-06 19:10:42
2026-01-10,23:45,5v5,Touch_Division_14,REGULAR,Sad Sacks,https://pitfootball.com/league/pit-football/division/56/teams/635,,Globo Gym Purple Cobras,https://pitfootball.com/league/pit-football/division/56/teams/1022,,WSF North - Garden City Complex (4),,2026-01-06 19:10:42
2026-01-10,23:45,5v5,Touch_Division_6,REGULAR,GCH: The Second Coming,https://pitfootball.comdivision/49/teams/1005,,Sisters Football Club,https://pitfootball.com/league/pit-football/division/48/teams/647,,WSF North - Garden City Complex (1),,2026-01-06 19:10:42
2026-01-10,23:45,5v5,Touch_Division_6,REGULAR,Deep Balls n House Calls,https://pitfootball.comdivision/49/teams/943,,Hard Rods for Dad Bods,https://pitfootball.com/league/pit-football/division/48/teams/1004,,WSF North - Garden City Complex (3),,2026-01-06 19:10:42
2026-01-10,23:45,Flag,Flag_D2,REGULAR,Bangorangutans,https://pitfootball.com/league/pit-football/division/41/teams/662,,Peg City Pipeline,https://pitfootball.comdivision/40/teams/752,,WSF North - Garden City Complex (2),,2026-01-06 19:10:42
2026-01-10,23:30,5v5,Touch_Division_15,REGULAR,Look at those TD’s,https://pitfootball.com/league/pit-football/division/57/teams/988,,First Downers,https://pitfootball.com/league/pit-football/division/57/teams/981,,WSF South - U of M Complex (3),,2026-01-06 19:10:42
2026-01-10,23:30,5v5,Touch_Division_17,REGULAR,Honourable Mentions,https://pitfootball.com/league/pit-football/division/105/teams/964,,GOONERS,https://pitfootball.com/league/pit-football/division/105/teams/989,,WSF South - U of M Complex (4),,2026-01-06 19:10:42
2026-01-10,23:30,5v5,Touch_Division_20,REGULAR,Reapers,https://pitfootball.com/league/pit-football/division/107/teams/995,,Toxic Waste,https://pitfootball.com/league/pit-football/division/107/teams/904,,WSF South - U of M Complex (1),,2026-01-06 19:10:42
2026-01-10,23:30,5v5,Touch_Division_8,REGULAR,Rashee Rice Valet Service,https://pitfootball.com/league/pit-football/division/50/teams/931,,Moneyball,https://pitfootball.com/league/pit-football/division/50/teams/849,,WSF South - U of M Complex (2),,2026-01-06 19:10:42
2026-01-10,22:45,5v5,Touch_Division_11,REGULAR,Sacks in the city,https://pitfootball.com/league/pit-football/division/53/teams/969,,Edgeatrons,https://pitfootball.com/league/pit-football/division/53/teams/634,,WSF North - Garden City Complex (3),,2026-01-06 19:10:42
2026-01-10,22:45,5v5,Touch_Division_5,REGULAR,Gotham Knights Legends,https://pitfootball.com/league/pit-football/division/47/teams/841,,Rouge Farm,https://pitfootball.com/league/pit-football/division/47/teams/1012,,WSF North - Garden City Complex (2),,2026-01-06 19:10:42
2026-01-10,22:45,Coed,Coed_Division_(Flag),REGULAR,Skibidi Squad,https://pitfootball.com/league/pit-football/division/99/teams/769,,Bruh,https://pitfootball.com/league/pit-football/division/99/teams/808,,WSF North - Garden City Complex (4),,2026-01-06 19:10:42
2026-01-10,22:45,Coed,Coed_Division_(Touch),REGULAR,Mean Girls,https://pitfootball.com/league/pit-football/division/98/teams/737,,Double tD’s,https://pitfootball.com/league/pit-football/division/98/teams/639,,WSF North - Garden City Complex (1),,2026-01-06 19:10:42
2026-01-10,22:30,5v5,Touch_Division_12,REGULAR,Fat & Furious,https://pitfootball.com/league/pit-football/division/54/teams/742,,Injured Reserve,https://pitfootball.com/league/pit-football/division/54/teams/979,,WSF South - U of M Complex (1),,2026-01-06 19:10:42
2026-01-10,22:30,5v5,Touch_Division_19,REGULAR,Need A Naps,https://pitfootball.com/league/pit-football/division/108/teams/992,,Diversity Crew,https://pitfootball.com/league/pit-football/division/108/teams/913,,WSF South - U of M Complex (3),,2026-01-06 19:10:42
2026-01-10,22:30,5v5,Touch_Division_19,REGULAR,Way's Willies,https://pitfootball.com/league/pit-football/division/108/teams/914,,Sideline Menaces,https://pitfootball.com/league/pit-football/division/108/teams/915,,WSF South - U of M Complex (4),,2026-01-06 19:10:42
2026-01-10,22:30,5v5,Touch_Division_7,REGULAR,DTFxPDPR,https://pitfootball.com/league/pit-football/division/49/teams/891,,Dads and Dawgs,https://pitfootball.com/league/pit-football/division/49/teams/966,,WSF South - U of M Complex (2),,2026-01-06 19:10:42
2026-01-10,21:45,5v5,Touch_Division_13,REGULAR,Redwood Brotherhood,https://pitfootball.com/league/pit-football/division/55/teams/987,,Average Sized Giants,https://pitfootball.com/league/pit-football/division/55/teams/982,,WSF North - Garden City Complex (3),,2026-01-06 19:10:42
2026-01-10,21:45,5v5,Touch_Division_15,REGULAR,Ninja Turtles,https://pitfootball.com/league/pit-football/division/57/teams/961,,Banda Makers,https://pitfootball.com/league/pit-football/division/57/teams/925,,WSF North - Garden City Complex (4),,2026-01-06 19:10:42
2026-01-10,21:45,5v5,Touch_Division_1_&_2,REGULAR,North Bay,https://pitfootball.com/league/pit-football/division/42/teams/821,,Rouge Gods,https://pitfootball.com/league/pit-football/division/42/teams/822,,WSF North - Garden City Complex (2),,2026-01-06 19:10:42
2026-01-10,21:45,Coed,Coed_Division_(Touch),REGULAR,Notorious D.I.L.L.O.S,https://pitfootball.com/league/pit-football/division/98/teams/735,,Dirty Snaps,https://pitfootball.com/league/pit-football/division/98/teams/640,,WSF North - Garden City Complex (1),,2026-01-06 19:10:42
2026-01-10,20:45,5v5,Touch_Division_9,REGULAR,Red Light Green Light,https://pitfootball.com/league/pit-football/division/51/teams/795,,59ers,https://pitfootball.com/league/pit-football/division/51/teams/998,,WSF North - Garden City Complex (1),,2026-01-06 19:10:42
2026-01-10,20:45,Coed,Coed_Division_(Flag),REGULAR,Family Business,https://pitfootball.com/league/pit-football/division/99/teams/787,,Smells Like Teen Spirit,https://pitfootball.com/league/pit-football/division/99/teams/689,,WSF North - Garden City Complex (2),,2026-01-06 19:10:42
2026-01-10,19:45,5v5,Touch_Division_10,REGULAR,Dart Goggins,https://pitfootball.com/league/pit-football/division/52/teams/660,,Blue Bunglers,https://pitfootball.comdivision/51/teams/850,,WSF North - Garden City Complex (1),,2026-01-06 19:10:42
2026-01-10,19:45,5v5,Touch_Division_12,REGULAR,Fuster Clucks,https://pitfootball.com/league/pit-football/division/54/teams/946,,Fooseballers,https://pitfootball.com/league/pit-football/division/54/teams/738,,WSF North - Garden City Complex (2),,2026-01-06 19:10:42
2026-01-10,01:05,5v5,Touch_Division_13,REGULAR,tunasub,https://pitfootball.comdivision/56/teams/898,,Vaudevillians,https://pitfootball.com/league/pit-football/division/55/teams/782,,WSF North - Garden City Complex (1),,2026-01-06 19:10:42
2026-01-10,01:05,5v5,Touch_Division_4,REGULAR,Booze Bandits,https://pitfootball.comdivision/103/teams/831,,Bleue’s Clueless,https://pitfootball.com/league/pit-football/division/46/teams/1011,,WSF North - Garden City Complex (2),,2026-01-06 19:10:42
2026-01-10,01:05,Flag,Flag_D1_Competitive,REGULAR,MennoKnights,https://pitfootball.com/league/pit-football/division/40/teams/675,,Down to Flag,https://pitfootball.com/league/pit-football/division/40/teams/688,,WSF North - Garden City Complex (3),,2026-01-06 19:10:42
2026-01-10,01:05,Flag,Flag_D3,REGULAR,Third and Thirsty,https://pitfootball.com/league/pit-football/division/102/teams/828,,Bikini Bottoms,https://pitfootball.com/league/pit-football/division/102/teams/827,,WSF North - Garden City Complex (4),,2026-01-06 19:10:42
2026-01-10,00:45,5v5,Touch_Division_10,REGULAR,The Gooners,https://pitfootball.com/league/pit-football/division/52/teams/638,,Chill Guys,https://pitfootball.comdivision/51/teams/887,,WSF South - U of M Complex (3),,2026-01-06 19:10:42
2026-01-10,00:45,5v5,Touch_Division_14,REGULAR,Chicago Beers,https://pitfootball.com/league/pit-football/division/56/teams/986,,Los Amigos Del Huddle,https://pitfootball.com/league/pit-football/division/56/teams/949,,WSF South - U of M Complex (4),,2026-01-06 19:10:42
2026-01-10,00:45,5v5,Touch_Division_17,REGULAR,Low Expectationz,https://pitfootball.com/league/pit-football/division/105/teams/917,,See you in the Enns Zone,https://pitfootball.com/league/pit-football/division/105/teams/945,,WSF South - U of M Complex (1),,2026-01-06 19:10:42
2026-01-10,00:45,5v5,Touch_Division_9,REGULAR,Valour Ballerz,https://pitfootball.comdivision/50/teams/1000,,Cannonball,https://pitfootball.com/league/pit-football/division/51/teams/687,,WSF South - U of M Complex (2),,2026-01-06 19:10:42
2026-01-10,00:05,5v5,Touch_Division_1_&_2,REGULAR,Warriors,https://pitfootball.com/league/pit-football/division/42/teams/830,,Down 2 Football,https://pitfootball.com/league/pit-football/division/42/teams/819,,WSF North - Garden City Complex (2),,2026-01-06 19:10:42
2026-01-10,00:05,5v5,Touch_Division_7,REGULAR,Two-Hand Touchers,https://pitfootball.comdivision/48/teams/860,,Old Baller Brand,https://pitfootball.com/league/pit-football/division/49/teams/929,,WSF North - Garden City Complex (1),,2026-01-06 19:10:42
2026-01-10,00:05,Coed,Coed_Division_(Flag),REGULAR,Guardians,https://pitfootball.com/league/pit-football/division/99/teams/727,,Hot Mess Express,https://pitfootball.com/league/pit-football/division/99/teams/733,,WSF North - Garden City Complex (4),,2026-01-06 19:10:42
2026-01-10,00:05,Flag,Flag_D1_Competitive,REGULAR,Rebellion,https://pitfootball.com/league/pit-football/division/40/teams/651,,Peg CIty,https://pitfootball.com/league/pit-football/division/40/teams/648,,WSF North - Garden City Complex (3),,2026-01-06 19:10:42
2026-01-09,23:45,5v5,Touch_Division_14,REGULAR,Ball Handlers,https://pitfootball.com/league/pit-football/division/56/teams/975,,Gym Class Zeros,https://pitfootball.comdivision/55/teams/1023,,WSF South - U of M Complex (4),,2026-01-06 19:10:42
2026-01-09,23:45,5v5,Touch_Division_16,REGULAR,Passaholics,https://pitfootball.com/league/pit-football/division/58/teams/924,,Deadbeets,https://pitfootball.com/league/pit-football/division/58/teams/954,,WSF South - U of M Complex (3),,2026-01-06 19:10:42
2026-01-09,23:45,5v5,Touch_Division_18,REGULAR,WF,https://pitfootball.com/league/pit-football/division/106/teams/993,,Fent Smokers,https://pitfootball.com/league/pit-football/division/106/teams/963,,WSF South - U of M Complex (2),,2026-01-06 19:10:42
2026-01-09,23:45,5v5,Touch_Division_18,REGULAR,Original 16 Free Agents,https://pitfootball.com/league/pit-football/division/106/teams/962,,Cheeky Pints,https://pitfootball.com/league/pit-football/division/106/teams/923,,WSF South - U of M Complex (1),,2026-01-06 19:10:42
2026-01-09,23:05,5v5,Touch_Division_11,REGULAR,Venum,https://pitfootball.com/league/pit-football/division/53/teams/935,,Football Is Fun,https://pitfootball.comdivision/52/teams/855,,WSF North - Garden City Complex (4),,2026-01-06 19:10:42
2026-01-09,23:05,5v5,Touch_Division_4,REGULAR,Trailer Park Boyz,https://pitfootball.com/league/pit-football/division/46/teams/837,,Lizard Kings,https://pitfootball.com/league/pit-football/division/46/teams/833,,WSF North - Garden City Complex (2),,2026-01-06 19:10:42
2026-01-09,23:05,Coed,Coed_Division_(Touch),REGULAR,Kinda Athletic,https://pitfootball.com/league/pit-football/division/98/teams/748,,Danger Zone,https://pitfootball.com/league/pit-football/division/98/teams/777,,WSF North - Garden City Complex (1),,2026-01-06 19:10:42
2026-01-09,23:05,Flag,Flag_D1_Competitive,REGULAR,Manitoba Alliance,https://pitfootball.com/league/pit-football/division/40/teams/695,,North Bay Flag,https://pitfootball.com/league/pit-football/division/40/teams/461,,WSF North - Garden City Complex (3),,2026-01-06 19:10:42
2026-01-09,22:45,5v5,Touch_Division_16,REGULAR,Senior Ian's Los Amigos Del Huddle,https://pitfootball.com/league/pit-football/division/58/teams/957,,Hawks,https://pitfootball.com/league/pit-football/division/58/teams/959,,WSF South - U of M Complex (4),,2026-01-06 19:10:42
2026-01-09,22:45,5v5,Touch_Division_17,REGULAR,Wheeling Hamoods,https://pitfootball.com/league/pit-football/division/105/teams/921,,EG204,https://pitfootball.com/league/pit-football/division/105/teams/919,,WSF South - U of M Complex (2),,2026-01-06 19:10:42
2026-01-09,22:45,5v5,Touch_Division_19,REGULAR,Back That Pass Up,https://pitfootball.com/league/pit-football/division/108/teams/910,,Young Bucks and Old Fs,https://pitfootball.com/league/pit-football/division/108/teams/994,,WSF South - U of M Complex (3),,2026-01-06 19:10:42
2026-01-09,22:45,Flag,Flag_D3,REGULAR,We Sell Autos,https://pitfootball.com/league/pit-football/division/102/teams/824,,Dot City,https://pitfootball.com/league/pit-football/division/102/teams/826,,WSF South - U of M Complex (1),,2026-01-06 19:10:42
2026-01-09,22:05,5v5,Touch_Division_10,REGULAR,Necessary Roughness,https://pitfootball.com/league/pit-football/division/52/teams/729,,Boats 'n Bros FC,https://pitfootball.comdivision/53/teams/896,,WSF North - Garden City Complex (2),,2026-01-06 19:10:42
2026-01-09,22:05,5v5,Touch_Division_8,REGULAR,Wickermen,https://pitfootball.com/league/pit-football/division/50/teams/851,,Fail Mary,https://pitfootball.com/league/pit-football/division/50/teams/1009,,WSF North - Garden City Complex (4),,2026-01-06 19:10:42
2026-01-09,22:05,Coed,Coed_Division_(Flag),REGULAR,Mothmen,https://pitfootball.com/league/pit-football/division/99/teams/685,,Down To Football,https://pitfootball.com/league/pit-football/division/99/teams/756,,WSF North - Garden City Complex (3),,2026-01-06 19:10:42
2026-01-09,22:05,Coed,Coed_Division_(Touch),REGULAR,Sack Attackers,https://pitfootball.com/league/pit-football/division/98/teams/839,,Here for the Football,https://pitfootball.com/league/pit-football/division/98/teams/743,,WSF North - Garden City Complex (1),,2026-01-06 19:10:42
